Substation_Name,Hospital_Name,Distance_km,Dependency_Strength,Asset_ID,Asset_Name,Event_Date,Hazard_Type,Hazard_Severity,AI_Event_Risk,AI_Risk_Level,Cascade_Impact,Failed_Substation,Scenario_Hazard,Scenario_Event_Date,Cascade_Severity
220kV BORIVALI,Arihant Heart and Surgical Hospital,1.81,1.0,HOS_2,Arihant Heart and Surgical Hospital,2024-05-11,Geomagnetic,100.0,74.88432607225633,High,74.88,220kV BORIVALI,Geomagnetic,2024-05-11,55.73
220kV BORIVALI,Anand Nursing Home - Borivali (E),1.81,1.0,HOS_623,Anand Nursing Home - Borivali (E),2024-05-11,Geomagnetic,100.0,74.88432607225633,High,74.88,220kV BORIVALI,Geomagnetic,2024-05-11,55.73
220kV BORIVALI,Crystal Hospitals,1.81,1.0,HOS_626,Crystal Hospitals,2024-05-11,Geomagnetic,100.0,74.88432607225633,High,74.88,220kV BORIVALI,Geomagnetic,2024-05-11,55.73
220kV BORIVALI,"Ankit Fracture, Maternity and Surgical Hospital",1.81,1.0,HOS_624,"Ankit Fracture, Maternity and Surgical Hospital",2024-05-11,Geomagnetic,100.0,74.88432607225633,High,74.88,220kV BORIVALI,Geomagnetic,2024-05-11,55.73
220kV BORIVALI,Riddhi Eye Clinic,1.81,1.0,HOS_642,Riddhi Eye Clinic,2024-05-11,Geomagnetic,100.0,74.88432607225633,High,74.88,220kV BORIVALI,Geomagnetic,2024-05-11,55.73
220kV BORIVALI,Ratika Hospital and Research Centre,1.81,1.0,HOS_641,Ratika Hospital and Research Centre,2024-05-11,Geomagnetic,100.0,74.88432607225633,High,74.88,220kV BORIVALI,Geomagnetic,2024-05-11,55.73
220kV BORIVALI,Robindra Nursing Home,1.81,1.0,HOS_643,Robindra Nursing Home,2024-05-11,Geomagnetic,100.0,74.88432607225633,High,74.88,220kV BORIVALI,Geomagnetic,2024-05-11,55.73
220kV BORIVALI,Qualitas Diagnostics Center,1.81,1.0,HOS_639,Qualitas Diagnostics Center,2024-05-11,Geomagnetic,100.0,74.88432607225633,High,74.88,220kV BORIVALI,Geomagnetic,2024-05-11,55.73
220kV BORIVALI,Shri K V O Jain Manav Seva Kendra Navneet Hospital,1.81,1.0,HOS_648,Shri K V O Jain Manav Seva Kendra Navneet Hospital,2024-05-11,Geomagnetic,100.0,74.88432607225633,High,74.88,220kV BORIVALI,Geomagnetic,2024-05-11,55.73
220kV BORIVALI,Shivam Eye Care Centre,1.81,1.0,HOS_646,Shivam Eye Care Centre,2024-05-11,Geomagnetic,100.0,74.88432607225633,High,74.88,220kV BORIVALI,Geomagnetic,2024-05-11,55.73
220kV BORIVALI,Aditi Hospital,1.779,1.0,HOS_1112,Aditi Hospital,2024-05-11,Geomagnetic,100.0,74.16247797412278,High,74.16,220kV BORIVALI,Geomagnetic,2024-05-11,55.73
220kV BORIVALI,"Omm Sai Nursing Home - Kandivali, Mumbai",0.798,1.0,HOS_1155,"Omm Sai Nursing Home - Kandivali, Mumbai",2024-05-11,Geomagnetic,100.0,74.12755773870141,High,74.13,220kV BORIVALI,Geomagnetic,2024-05-11,55.73
220kV BORIVALI,Paramount Ganpati Health Care - Kandivali,0.798,1.0,HOS_1157,Paramount Ganpati Health Care - Kandivali,2024-05-11,Geomagnetic,100.0,74.12755773870141,High,74.13,220kV BORIVALI,Geomagnetic,2024-05-11,55.73
220kV BORIVALI,Vikas Diagnostic Centre,1.578,1.0,HOS_1164,Vikas Diagnostic Centre,2024-05-11,Geomagnetic,100.0,73.9977590063757,High,74.0,220kV BORIVALI,Geomagnetic,2024-05-11,55.73
220kV BORIVALI,Aditi Hospital,1.779,1.0,HOS_1234,Aditi Hospital,2024-05-11,Geomagnetic,100.0,73.56854143890334,High,73.57,220kV BORIVALI,Geomagnetic,2024-05-11,55.73
220kV BORIVALI,Gokul Hospital,1.814,1.0,HOS_1261,Gokul Hospital,2024-05-11,Geomagnetic,100.0,73.22208395003166,High,73.22,220kV BORIVALI,Geomagnetic,2024-05-11,55.73
220kV BORIVALI,New Life Nursing Home,1.88,1.0,HOS_1152,New Life Nursing Home,2024-05-11,Geomagnetic,100.0,73.15826060693183,High,73.16,220kV BORIVALI,Geomagnetic,2024-05-11,55.73
220kV BORIVALI,Shreeji Hospital (Kandivli),1.921,1.0,HOS_1161,Shreeji Hospital (Kandivli),2024-05-11,Geomagnetic,100.0,72.94340311256768,High,72.94,220kV BORIVALI,Geomagnetic,2024-05-11,55.73
220kV BORIVALI,Gokul Hospital,1.814,1.0,HOS_102,Gokul Hospital,2024-05-11,Geomagnetic,100.0,69.72262511072523,High,69.72,220kV BORIVALI,Geomagnetic,2024-05-11,55.73
220kV BORIVALI,Parijat Child Health Clinic,4.643,0.7,HOS_636,Parijat Child Health Clinic,2024-05-11,Geomagnetic,100.0,77.81075230473994,Critical,54.47,220kV BORIVALI,Geomagnetic,2024-05-11,55.73
220kV BORIVALI,Mauli Hospital,4.603,0.7,HOS_22,Mauli Hospital,2024-05-11,Geomagnetic,100.0,77.11452374177226,Critical,53.98,220kV BORIVALI,Geomagnetic,2024-05-11,55.73
220kV BORIVALI,Ashirwad Maternity and Nursing Home - Dahisar,4.603,0.7,HOS_698,Ashirwad Maternity and Nursing Home - Dahisar,2024-05-11,Geomagnetic,100.0,77.11452374177226,Critical,53.98,220kV BORIVALI,Geomagnetic,2024-05-11,55.73
220kV BORIVALI,Jai Ambe Poly Clinic Nursing Home and Maternity Hosp,4.603,0.7,HOS_705,Jai Ambe Poly Clinic Nursing Home and Maternity Hosp,2024-05-11,Geomagnetic,100.0,77.11452374177226,Critical,53.98,220kV BORIVALI,Geomagnetic,2024-05-11,55.73
220kV BORIVALI,Navdurga Fracture And Accident Centre,4.603,0.7,HOS_709,Navdurga Fracture And Accident Centre,2024-05-11,Geomagnetic,100.0,77.11452374177226,Critical,53.98,220kV BORIVALI,Geomagnetic,2024-05-11,55.73
220kV BORIVALI,Navneet Hi-Tech,4.603,0.7,HOS_711,Navneet Hi-Tech,2024-05-11,Geomagnetic,100.0,77.11452374177226,Critical,53.98,220kV BORIVALI,Geomagnetic,2024-05-11,55.73
220kV BORIVALI,Sanghavi Eye and Diabetes Care Center,4.603,0.7,HOS_713,Sanghavi Eye and Diabetes Care Center,2024-05-11,Geomagnetic,100.0,77.11452374177226,Critical,53.98,220kV BORIVALI,Geomagnetic,2024-05-11,55.73
220kV BORIVALI,Dr Worlikar's Shree Surgical and General Nursing Home,4.603,0.7,HOS_702,Dr Worlikar's Shree Surgical and General Nursing Home,2024-05-11,Geomagnetic,100.0,77.11452374177226,Critical,53.98,220kV BORIVALI,Geomagnetic,2024-05-11,55.73
220kV BORIVALI,"Life Line Hospital - Dahisar,Mumbai",4.603,0.7,HOS_707,"Life Line Hospital - Dahisar,Mumbai",2024-05-11,Geomagnetic,100.0,77.11452374177226,Critical,53.98,220kV BORIVALI,Geomagnetic,2024-05-11,55.73
220kV BORIVALI,Dr Ajay Shah Pathology,4.603,0.7,HOS_700,Dr Ajay Shah Pathology,2024-05-11,Geomagnetic,100.0,77.11452374177226,Critical,53.98,220kV BORIVALI,Geomagnetic,2024-05-11,55.73
220kV BORIVALI,Vijay Polyclinic and Care Centre,4.603,0.7,HOS_719,Vijay Polyclinic and Care Centre,2024-05-11,Geomagnetic,100.0,77.11452374177226,Critical,53.98,220kV BORIVALI,Geomagnetic,2024-05-11,55.73
220kV BORIVALI,Namitha Polyclinic and Hospital,4.603,0.7,HOS_708,Namitha Polyclinic and Hospital,2024-05-11,Geomagnetic,100.0,77.11452374177226,Critical,53.98,220kV BORIVALI,Geomagnetic,2024-05-11,55.73
220kV BORIVALI,Shraddha Hospital,4.603,0.7,HOS_1031,Shraddha Hospital,2024-05-11,Geomagnetic,100.0,77.11452374177226,Critical,53.98,220kV BORIVALI,Geomagnetic,2024-05-11,55.73
220kV BORIVALI,Vdurga Fracture And Accident Centre,4.603,0.7,HOS_718,Vdurga Fracture And Accident Centre,2024-05-11,Geomagnetic,100.0,77.11452374177226,Critical,53.98,220kV BORIVALI,Geomagnetic,2024-05-11,55.73
220kV BORIVALI,Akshit Maternity Home,4.726,0.7,HOS_695,Akshit Maternity Home,2024-05-11,Geomagnetic,100.0,76.98771062338068,Critical,53.89,220kV BORIVALI,Geomagnetic,2024-05-11,55.73
220kV BORIVALI,Rohit Nursing Home - Dahisar,4.482,0.7,HOS_712,Rohit Nursing Home - Dahisar,2024-05-11,Geomagnetic,100.0,76.8132744330238,Critical,53.77,220kV BORIVALI,Geomagnetic,2024-05-11,55.73
220kV BORIVALI,Renuka Children Clinic and Medicare Centre,4.827,0.7,HOS_1082,Renuka Children Clinic and Medicare Centre,2024-05-11,Geomagnetic,100.0,76.8182725044154,Critical,53.77,220kV BORIVALI,Geomagnetic,2024-05-11,55.73
220kV BORIVALI,Dr. M. L Dhawale Memorial Trust,4.615,0.7,HOS_703,Dr. M. L Dhawale Memorial Trust,2024-05-11,Geomagnetic,100.0,76.75033590288834,Critical,53.73,220kV BORIVALI,Geomagnetic,2024-05-11,55.73
220kV BORIVALI,Dr. Abhijit Mahadeo Valanju,4.969,0.7,HOS_1042,Dr. Abhijit Mahadeo Valanju,2024-05-11,Geomagnetic,100.0,76.73601039832134,Critical,53.72,220kV BORIVALI,Geomagnetic,2024-05-11,55.73
220kV BORIVALI,Abhinav Sushrut Hospital,4.811,0.7,HOS_694,Abhinav Sushrut Hospital,2024-05-11,Geomagnetic,100.0,76.68920699136501,Critical,53.68,220kV BORIVALI,Geomagnetic,2024-05-11,55.73
220kV BORIVALI,Seth Ent and Eye Clinic,4.786,0.7,HOS_1088,Seth Ent and Eye Clinic,2024-05-11,Geomagnetic,100.0,76.67131158865647,Critical,53.67,220kV BORIVALI,Geomagnetic,2024-05-11,55.73
220kV BORIVALI,Dr.Nikams Eye Care And Laser Centre,4.739,0.7,HOS_704,Dr.Nikams Eye Care And Laser Centre,2024-05-11,Geomagnetic,100.0,76.66109032333533,Critical,53.66,220kV BORIVALI,Geomagnetic,2024-05-11,55.73
220kV BORIVALI,Dr Mandar Pandit Clinic,4.925,0.7,HOS_701,Dr Mandar Pandit Clinic,2024-05-11,Geomagnetic,100.0,76.63368692305266,Critical,53.64,220kV BORIVALI,Geomagnetic,2024-05-11,55.73
220kV BORIVALI,Total Woman Medical Centre - Dahisar,3.605,0.7,HOS_717,Total Woman Medical Centre - Dahisar,2024-05-11,Geomagnetic,100.0,76.61936593866585,Critical,53.63,220kV BORIVALI,Geomagnetic,2024-05-11,55.73
220kV BORIVALI,Balaji Polyclinic and Criticare Centre,3.175,0.7,HOS_699,Balaji Polyclinic and Criticare Centre,2024-05-11,Geomagnetic,100.0,76.61140788056447,Critical,53.63,220kV BORIVALI,Geomagnetic,2024-05-11,55.73
220kV BORIVALI,Vishwanath Hospital,3.513,0.7,HOS_720,Vishwanath Hospital,2024-05-11,Geomagnetic,100.0,76.56296697034354,Critical,53.59,220kV BORIVALI,Geomagnetic,2024-05-11,55.73
220kV BORIVALI,Sohum Eyecare and Oculoplasty Centre,4.703,0.7,HOS_1178,Sohum Eyecare and Oculoplasty Centre,2024-05-11,Geomagnetic,100.0,76.49336037343545,Critical,53.55,220kV BORIVALI,Geomagnetic,2024-05-11,55.73
220kV BORIVALI,Chhaya Surgical Home,4.703,0.7,HOS_49,Chhaya Surgical Home,2024-05-11,Geomagnetic,100.0,76.49336037343545,Critical,53.55,220kV BORIVALI,Geomagnetic,2024-05-11,55.73
220kV BORIVALI,Kk Maternity And General Hospital,4.136,0.7,HOS_706,Kk Maternity And General Hospital,2024-05-11,Geomagnetic,100.0,76.48672579333771,Critical,53.54,220kV BORIVALI,Geomagnetic,2024-05-11,55.73
220kV BORIVALI,Rajendra Maternity and Surgical Nursing Home,4.541,0.7,HOS_1045,Rajendra Maternity and Surgical Nursing Home,2024-05-11,Geomagnetic,100.0,76.25670971866232,Critical,53.38,220kV BORIVALI,Geomagnetic,2024-05-11,55.73
220kV BORIVALI,Shree Krishna Hospital,4.585,0.7,HOS_647,Shree Krishna Hospital,2024-05-11,Geomagnetic,100.0,76.08861192592173,Critical,53.26,220kV BORIVALI,Geomagnetic,2024-05-11,55.73
220kV BORIVALI,M.M.Hospital,4.585,0.7,HOS_728,M.M.Hospital,2024-05-11,Geomagnetic,100.0,76.08861192592173,Critical,53.26,220kV BORIVALI,Geomagnetic,2024-05-11,55.73
220kV BORIVALI,Nanda Nursing Home-Borivli,3.723,0.7,HOS_1071,Nanda Nursing Home-Borivli,2024-05-11,Geomagnetic,100.0,75.70592163455052,Critical,52.99,220kV BORIVALI,Geomagnetic,2024-05-11,55.73
220kV BORIVALI,Dr. Alok Shahs Iccu and Nursing Home,3.723,0.7,HOS_1062,Dr. Alok Shahs Iccu and Nursing Home,2024-05-11,Geomagnetic,100.0,75.70592163455052,Critical,52.99,220kV BORIVALI,Geomagnetic,2024-05-11,55.73
220kV BORIVALI,Dr. R.J. Ganatra's Nursing Home,3.723,0.7,HOS_921,Dr. R.J. Ganatra's Nursing Home,2024-05-11,Geomagnetic,100.0,75.70592163455052,Critical,52.99,220kV BORIVALI,Geomagnetic,2024-05-11,55.73
220kV BORIVALI,Ameya Orthopaedic Centre,3.723,0.7,HOS_1175,Ameya Orthopaedic Centre,2024-05-11,Geomagnetic,100.0,75.70592163455052,Critical,52.99,220kV BORIVALI,Geomagnetic,2024-05-11,55.73
220kV BORIVALI,Mohit Hospital and Heart Centre,2.764,0.7,HOS_630,Mohit Hospital and Heart Centre,2024-05-11,Geomagnetic,100.0,75.6181700729784,Critical,52.93,220kV BORIVALI,Geomagnetic,2024-05-11,55.73
220kV BORIVALI,Purnima Hospital,3.183,0.7,HOS_638,Purnima Hospital,2024-05-11,Geomagnetic,100.0,75.6081428450209,Critical,52.93,220kV BORIVALI,Geomagnetic,2024-05-11,55.73
220kV BORIVALI,Bhagat Nursing Home,3.114,0.7,HOS_1057,Bhagat Nursing Home,2024-05-11,Geomagnetic,100.0,75.54232032201486,Critical,52.88,220kV BORIVALI,Geomagnetic,2024-05-11,55.73
220kV BORIVALI,Aastha Eye Clinic,4.771,0.7,HOS_1047,Aastha Eye Clinic,2024-05-11,Geomagnetic,100.0,75.4317243367449,Critical,52.8,220kV BORIVALI,Geomagnetic,2024-05-11,55.73
220kV BORIVALI,Raj Jyoti Hospital,4.563,0.7,HOS_1080,Raj Jyoti Hospital,2024-05-11,Geomagnetic,100.0,75.26675382455679,Critical,52.69,220kV BORIVALI,Geomagnetic,2024-05-11,55.73
220kV BORIVALI,Vinit Eye Clinic Retina And Laser Centre,3.814,0.7,HOS_1100,Vinit Eye Clinic Retina And Laser Centre,2024-05-11,Geomagnetic,100.0,75.04688186109725,Critical,52.53,220kV BORIVALI,Geomagnetic,2024-05-11,55.73
220kV BORIVALI,Bhargav Medical Centre,4.041,0.7,HOS_1041,Bhargav Medical Centre,2024-05-11,Geomagnetic,100.0,74.95869804164849,High,52.47,220kV BORIVALI,Geomagnetic,2024-05-11,55.73
220kV BORIVALI,Asian Eye Institute And Laser Centre,3.005,0.7,HOS_625,Asian Eye Institute And Laser Centre,2024-05-11,Geomagnetic,100.0,74.87356968637431,High,52.41,220kV BORIVALI,Geomagnetic,2024-05-11,55.73
220kV BORIVALI,Niramay Mother-Care Centre (Maternity and Surgical),4.336,0.7,HOS_1074,Niramay Mother-Care Centre (Maternity and Surgical),2024-05-11,Geomagnetic,100.0,74.74933491372386,High,52.32,220kV BORIVALI,Geomagnetic,2024-05-11,55.73
220kV BORIVALI,Rose Petal Nursing Home,3.463,0.7,HOS_1084,Rose Petal Nursing Home,2024-05-11,Geomagnetic,100.0,74.673230425941,High,52.27,220kV BORIVALI,Geomagnetic,2024-05-11,55.73
220kV BORIVALI,Shivani Medical Centre,3.896,0.7,HOS_1090,Shivani Medical Centre,2024-05-11,Geomagnetic,100.0,74.66307020990797,High,52.26,220kV BORIVALI,Geomagnetic,2024-05-11,55.73
220kV BORIVALI,Parmar Hospital,2.613,0.7,HOS_637,Parmar Hospital,2024-05-11,Geomagnetic,100.0,74.64649496078317,High,52.25,220kV BORIVALI,Geomagnetic,2024-05-11,55.73
220kV BORIVALI,Shree Borivli Gujarati Seva Mandal,3.281,0.7,HOS_1091,Shree Borivli Gujarati Seva Mandal,2024-05-11,Geomagnetic,100.0,74.57354253673896,High,52.2,220kV BORIVALI,Geomagnetic,2024-05-11,55.73
220kV BORIVALI,Patel Nursing Home,3.018,0.7,HOS_1078,Patel Nursing Home,2024-05-11,Geomagnetic,100.0,74.55336173904573,High,52.19,220kV BORIVALI,Geomagnetic,2024-05-11,55.73
220kV BORIVALI,Sanghvi Maternity and Surgical Hospital,3.433,0.7,HOS_1087,Sanghvi Maternity and Surgical Hospital,2024-05-11,Geomagnetic,100.0,74.4779729346846,High,52.13,220kV BORIVALI,Geomagnetic,2024-05-11,55.73
220kV BORIVALI,Roshni Eye Clinic,2.668,0.7,HOS_644,Roshni Eye Clinic,2024-05-11,Geomagnetic,100.0,74.46961932679388,High,52.13,220kV BORIVALI,Geomagnetic,2024-05-11,55.73
220kV BORIVALI,Anand Medical Centre,2.981,0.7,HOS_1049,Anand Medical Centre,2024-05-11,Geomagnetic,100.0,74.42175766093676,High,52.1,220kV BORIVALI,Geomagnetic,2024-05-11,55.73
220kV BORIVALI,Nirmay Mother Care Centre,4.036,0.7,HOS_635,Nirmay Mother Care Centre,2024-05-11,Geomagnetic,100.0,74.42315035267362,High,52.1,220kV BORIVALI,Geomagnetic,2024-05-11,55.73
220kV BORIVALI,Neelam Nursing Home (Lenest) - Malad (W),3.004,0.7,HOS_583,Neelam Nursing Home (Lenest) - Malad (W),2024-05-11,Geomagnetic,100.0,74.42041644327026,High,52.09,220kV BORIVALI,Geomagnetic,2024-05-11,55.73
220kV BORIVALI,Utkarsh Nursing Home,2.765,0.7,HOS_650,Utkarsh Nursing Home,2024-05-11,Geomagnetic,100.0,74.38815063604187,High,52.07,220kV BORIVALI,Geomagnetic,2024-05-11,55.73
220kV BORIVALI,Lancelot Dialysis Unit,3.016,0.7,HOS_1069,Lancelot Dialysis Unit,2024-05-11,Geomagnetic,100.0,74.35184688619819,High,52.05,220kV BORIVALI,Geomagnetic,2024-05-11,55.73
220kV BORIVALI,Vasudhan Cosmetic Plastic Surgery Centre,3.016,0.7,HOS_1098,Vasudhan Cosmetic Plastic Surgery Centre,2024-05-11,Geomagnetic,100.0,74.35184688619819,High,52.05,220kV BORIVALI,Geomagnetic,2024-05-11,55.73
220kV BORIVALI,Shah Surgical And Maternity Nursing Home,3.013,0.7,HOS_1089,Shah Surgical And Maternity Nursing Home,2024-05-11,Geomagnetic,100.0,74.33769620014989,High,52.04,220kV BORIVALI,Geomagnetic,2024-05-11,55.73
220kV BORIVALI,Dhanshri Hospital,2.875,0.7,HOS_608,Dhanshri Hospital,2024-05-11,Geomagnetic,100.0,74.32586407290587,High,52.03,220kV BORIVALI,Geomagnetic,2024-05-11,55.73
220kV BORIVALI,Navjeevan Global Heart Centre,2.332,0.7,HOS_634,Navjeevan Global Heart Centre,2024-05-11,Geomagnetic,100.0,74.30282121336717,High,52.01,220kV BORIVALI,Geomagnetic,2024-05-11,55.73
220kV BORIVALI,"Dr Parikhs Maternity, Gynaec, and General Hospital",2.606,0.7,HOS_627,"Dr Parikhs Maternity, Gynaec, and General Hospital",2024-05-11,Geomagnetic,100.0,74.19894712361048,High,51.94,220kV BORIVALI,Geomagnetic,2024-05-11,55.73
220kV BORIVALI,Grace Maternity and Nursing Home - Kandivli (W),4.511,0.7,HOS_662,Grace Maternity and Nursing Home - Kandivli (W),2024-05-11,Geomagnetic,100.0,73.55442927294949,High,51.49,220kV BORIVALI,Geomagnetic,2024-05-11,55.73
220kV BORIVALI,Vinayak Nursing Home`,4.502,0.7,HOS_692,Vinayak Nursing Home`,2024-05-11,Geomagnetic,100.0,73.41154374522411,High,51.39,220kV BORIVALI,Geomagnetic,2024-05-11,55.73
220kV BORIVALI,Nidhi Nursing Home and Iccu,4.198,0.7,HOS_676,Nidhi Nursing Home and Iccu,2024-05-11,Geomagnetic,100.0,73.31134250584071,High,51.32,220kV BORIVALI,Geomagnetic,2024-05-11,55.73
220kV BORIVALI,Dr. Vora`S Premature Critical Care and General Hospital,4.083,0.7,HOS_659,Dr. Vora`S Premature Critical Care and General Hospital,2024-05-11,Geomagnetic,100.0,73.27532514623529,High,51.29,220kV BORIVALI,Geomagnetic,2024-05-11,55.73
220kV BORIVALI,Panorama Eye Clinic Superspeciality Eye Care,3.9,0.7,HOS_678,Panorama Eye Clinic Superspeciality Eye Care,2024-05-11,Geomagnetic,100.0,73.20137891884721,High,51.24,220kV BORIVALI,Geomagnetic,2024-05-11,55.73
220kV BORIVALI,Shah Surgical Hospital and Maternity Home P. Ltd.,3.491,0.7,HOS_685,Shah Surgical Hospital and Maternity Home P. Ltd.,2024-05-11,Geomagnetic,100.0,73.11799876553161,High,51.18,220kV BORIVALI,Geomagnetic,2024-05-11,55.73
220kV BORIVALI,Jobanputra Nursing Home,3.318,0.7,HOS_667,Jobanputra Nursing Home,2024-05-11,Geomagnetic,100.0,73.12065921668645,High,51.18,220kV BORIVALI,Geomagnetic,2024-05-11,55.73
220kV BORIVALI,Sai Vilayatrai Charitable Polyclinc,4.025,0.7,HOS_683,Sai Vilayatrai Charitable Polyclinc,2024-05-11,Geomagnetic,100.0,72.9500565438147,High,51.07,220kV BORIVALI,Geomagnetic,2024-05-11,55.73
220kV BORIVALI,Medha Maternity and Nursing Home - Kandivali (E) Mumbai,2.161,0.7,HOS_1151,Medha Maternity and Nursing Home - Kandivali (E) Mumbai,2024-05-11,Geomagnetic,100.0,72.92544293193062,High,51.05,220kV BORIVALI,Geomagnetic,2024-05-11,55.73
220kV BORIVALI,Shreeji Hospital,2.093,0.7,HOS_389,Shreeji Hospital,2024-05-11,Geomagnetic,100.0,72.79046049611158,High,50.95,220kV BORIVALI,Geomagnetic,2024-05-11,55.73
220kV BORIVALI,Saraswati Hospital(Kandivali),4.312,0.7,HOS_684,Saraswati Hospital(Kandivali),2024-05-11,Geomagnetic,100.0,72.76164168269331,High,50.93,220kV BORIVALI,Geomagnetic,2024-05-11,55.73
220kV BORIVALI,Pratik Hospital and Maternity Home,4.312,0.7,HOS_617,Pratik Hospital and Maternity Home,2024-05-11,Geomagnetic,100.0,72.76164168269331,High,50.93,220kV BORIVALI,Geomagnetic,2024-05-11,55.73
220kV BORIVALI,Sumangal Hospital,4.312,0.7,HOS_690,Sumangal Hospital,2024-05-11,Geomagnetic,100.0,72.76164168269331,High,50.93,220kV BORIVALI,Geomagnetic,2024-05-11,55.73
220kV BORIVALI,Akshar Eye Clinic,4.312,0.7,HOS_652,Akshar Eye Clinic,2024-05-11,Geomagnetic,100.0,72.76164168269331,High,50.93,220kV BORIVALI,Geomagnetic,2024-05-11,55.73
220kV BORIVALI,Paarth Hospital,4.312,0.7,HOS_677,Paarth Hospital,2024-05-11,Geomagnetic,100.0,72.76164168269331,High,50.93,220kV BORIVALI,Geomagnetic,2024-05-11,55.73
220kV BORIVALI,Saibaba Maternity and Nursing Home,2.876,0.7,HOS_1158,Saibaba Maternity and Nursing Home,2024-05-11,Geomagnetic,100.0,72.69636534819703,High,50.89,220kV BORIVALI,Geomagnetic,2024-05-11,55.73
220kV BORIVALI,Surana Hospital And Research Centre,4.386,0.7,HOS_600,Surana Hospital And Research Centre,2024-05-11,Geomagnetic,100.0,72.68315836112687,High,50.88,220kV BORIVALI,Geomagnetic,2024-05-11,55.73
220kV BORIVALI,Bhatia Maternity and Ivf Centre,4.386,0.7,HOS_656,Bhatia Maternity and Ivf Centre,2024-05-11,Geomagnetic,100.0,72.68315836112687,High,50.88,220kV BORIVALI,Geomagnetic,2024-05-11,55.73
220kV BORIVALI,Laxmi Clinic - Kandivli - (Mumbai),2.653,0.7,HOS_1150,Laxmi Clinic - Kandivli - (Mumbai),2024-05-11,Geomagnetic,100.0,72.61684039092529,High,50.83,220kV BORIVALI,Geomagnetic,2024-05-11,55.73
220kV BORIVALI,Lifeline Hospital,4.246,0.7,HOS_1277,Lifeline Hospital,2024-05-11,Geomagnetic,100.0,72.57765309089238,High,50.8,220kV BORIVALI,Geomagnetic,2024-05-11,55.73
220kV BORIVALI,Shree Krishna Hospital - Kandivali,4.532,0.7,HOS_688,Shree Krishna Hospital - Kandivali,2024-05-11,Geomagnetic,100.0,72.49310729988987,High,50.75,220kV BORIVALI,Geomagnetic,2024-05-11,55.73
220kV BORIVALI,Sanchaiti Hospital,2.688,0.7,HOS_1159,Sanchaiti Hospital,2024-05-11,Geomagnetic,100.0,72.48754046136662,High,50.74,220kV BORIVALI,Geomagnetic,2024-05-11,55.73
220kV BORIVALI,Saraogi Maternity and General Hospital,4.553,0.7,HOS_593,Saraogi Maternity and General Hospital,2024-05-11,Geomagnetic,100.0,72.28919807000852,High,50.6,220kV BORIVALI,Geomagnetic,2024-05-11,55.73
220kV BORIVALI,Suchak Hospital,4.29,0.7,HOS_1132,Suchak Hospital,2024-05-11,Geomagnetic,100.0,72.15868692540624,High,50.51,220kV BORIVALI,Geomagnetic,2024-05-11,55.73
220kV BORIVALI,Shraddha Orthopedic and Surgical Hospital,3.729,0.7,HOS_1130,Shraddha Orthopedic and Surgical Hospital,2024-05-11,Geomagnetic,100.0,72.00446865042431,High,50.4,220kV BORIVALI,Geomagnetic,2024-05-11,55.73
220kV BORIVALI,Jay Polyclinic Surgical and Maternity Nursing Home and Iccu,4.952,0.7,HOS_574,Jay Polyclinic Surgical and Maternity Nursing Home and Iccu,2024-05-11,Geomagnetic,100.0,71.9123019112193,High,50.34,220kV BORIVALI,Geomagnetic,2024-05-11,55.73
220kV BORIVALI,Puranik Hospital,4.743,0.7,HOS_587,Puranik Hospital,2024-05-11,Geomagnetic,100.0,71.91967594850139,High,50.34,220kV BORIVALI,Geomagnetic,2024-05-11,55.73
220kV BORIVALI,Manish Nursing Home,4.793,0.7,HOS_580,Manish Nursing Home,2024-05-11,Geomagnetic,100.0,71.90426186958204,High,50.33,220kV BORIVALI,Geomagnetic,2024-05-11,55.73
220kV BORIVALI,Agrawal Clinic,3.767,0.7,HOS_1113,Agrawal Clinic,2024-05-11,Geomagnetic,100.0,71.8578559549528,High,50.3,220kV BORIVALI,Geomagnetic,2024-05-11,55.73
220kV BORIVALI,Krishna Eye Care Centre,4.484,0.7,HOS_1122,Krishna Eye Care Centre,2024-05-11,Geomagnetic,100.0,71.82110560641392,High,50.27,220kV BORIVALI,Geomagnetic,2024-05-11,55.73
220kV BORIVALI,Sanjeevani Surgical and General Hospital,4.36,0.7,HOS_1128,Sanjeevani Surgical and General Hospital,2024-05-11,Geomagnetic,100.0,71.58053512233211,High,50.11,220kV BORIVALI,Geomagnetic,2024-05-11,55.73
220kV BORIVALI,Malad Clinical and Pathological Laboratory,4.36,0.7,HOS_1123,Malad Clinical and Pathological Laboratory,2024-05-11,Geomagnetic,100.0,71.58053512233211,High,50.11,220kV BORIVALI,Geomagnetic,2024-05-11,55.73
220kV BORIVALI,Eye Smile Clinic,4.648,0.7,HOS_539,Eye Smile Clinic,2024-05-11,Geomagnetic,100.0,71.46411978905672,High,50.02,220kV BORIVALI,Geomagnetic,2024-05-11,55.73
220kV BORIVALI,Ear-Nose-Throat And Eye Clinic,4.638,0.7,HOS_567,Ear-Nose-Throat And Eye Clinic,2024-05-11,Geomagnetic,100.0,71.41549010741721,High,49.99,220kV BORIVALI,Geomagnetic,2024-05-11,55.73
220kV BORIVALI,Devangi Hospital,4.46,0.7,HOS_1118,Devangi Hospital,2024-05-11,Geomagnetic,100.0,71.34693273208737,High,49.94,220kV BORIVALI,Geomagnetic,2024-05-11,55.73
220kV BORIVALI,Surya Eye Clinic,4.843,0.7,HOS_545,Surya Eye Clinic,2024-05-11,Geomagnetic,100.0,70.91701301639509,High,49.64,220kV BORIVALI,Geomagnetic,2024-05-11,55.73
220kV BORIVALI,Shreeji Hospital,2.093,0.7,HOS_35,Shreeji Hospital,2024-05-11,Geomagnetic,100.0,70.50544503062028,High,49.35,220kV BORIVALI,Geomagnetic,2024-05-11,55.73
