Asset_ID,Asset_Type,Asset_Name,Latitude,Longitude,Capacity
SUB_1,Substation,220kV BORIVALI,19.2145,72.8806,220
SUB_2,Substation,220kV TROMBAY,19.0008,72.9043,220
SUB_3,Substation,220kV MULUND,19.1457,72.9635,220
SUB_4,Substation,220kV GIS BHANDUP,19.1587,72.9391,220
PWR_TATA PCL_TROMBAY CCPP_U1,Power Station,TROMBAY CCPP,,,120
PWR_TATA PCL_TROMBAY CCPP_U2,Power Station,TROMBAY CCPP,,,60
PWR_TATA PCL_TROMBAY TPS_U5,Power Station,TROMBAY TPS,,,500
PWR_TATA PCL_TROMBAY TPS_U8,Power Station,TROMBAY TPS,,,250
PWR_NPCIL_TARAPUR_U1,Power Station,TARAPUR,,,160
PWR_NPCIL_TARAPUR_U2,Power Station,TARAPUR,,,160
PWR_NPCIL_TARAPUR_U3,Power Station,TARAPUR,,,540
PWR_NPCIL_TARAPUR_U4,Power Station,TARAPUR,,,540
HOS_1,Hospital,Apex Kidney Care Pvt. Ltd.,,,0
HOS_2,Hospital,Arihant Heart and Surgical Hospital,19.2240612,72.8666469,0
HOS_4,Hospital,Bhoir Hospital,,,0
HOS_5,Hospital,Charak Clinic Nursing Home,18.9519338,72.8189832,0
HOS_6,Hospital,Dalvi Plus,19.046295,72.8415449,0
HOS_7,Hospital,Doshi Nursing Home,19.0796375,72.9070116,0
HOS_8,Hospital,Dr Kiran Katar Clinic,19.0176169,72.8561288,0
HOS_9,Hospital,Dr Satish Padmanabhan Clinic,19.0176169,72.8561288,0
HOS_10,Hospital,Dr Telangs Dhanvantari Hospital,,,0
HOS_11,Hospital,Dr. Ramesh Chaudhari,19.0759837,72.8776559,0
HOS_12,Hospital,Dr. Sandeep S. Nagvekar,,,0
HOS_13,Hospital,Dr.Apte Maternity and Nursing Home,,,0
HOS_14,Hospital,Dr.Jaydeep S Khedkar,19.0176169,72.8561288,0
HOS_15,Hospital,Gokul Nursing Home and Iccu,19.1738547,72.8476718,0
HOS_16,Hospital,Harshit Health Care Centre - Jalalpur-Jainpur,,,0
HOS_17,Hospital,Kapadia Multi Speciality Hospital,19.1630556,72.8390592,0
HOS_18,Hospital,Kilbil Childrens Hospital,,,0
HOS_19,Hospital,Laksh-Deep Hospital,,,0
HOS_20,Hospital,Laser Eye Surgery Center,19.0599051,72.8342113,0
HOS_21,Hospital,Marve Nursing Home,19.1963422,72.8105333,0
HOS_22,Hospital,Mauli Hospital,19.2539332,72.8672448,0
HOS_23,Hospital,Nath Hospital,19.2041173,72.9747855,0
HOS_24,Hospital,Phiroze M.Dastoor and Co,18.9380988,72.8343567,0
HOS_25,Hospital,Pikhala Hospital,,,0
HOS_26,Hospital,Prathana Hospital,19.0759837,72.8776559,0
HOS_27,Hospital,Pregnancy Advice and Service,,,0
HOS_28,Hospital,Radiation Medicine Centre Bhabha Atomic Research C,19.0176169,72.8561288,0
HOS_29,Hospital,Raj Hospital,19.0355766,73.0228173,0
HOS_30,Hospital,Sai Aashirwad Hospital,,,0
HOS_31,Hospital,Sai Hospital,19.0759837,72.8776559,0
HOS_32,Hospital,Sanjawalas Maternity and Gynacologist,19.0963781,72.8563994,0
HOS_33,Hospital,Sanket Hospital,,,0
HOS_34,Hospital,Shree Arihant Eye Care Centre,19.2550851,72.8571396,0
HOS_35,Hospital,Shreeji Hospital,19.0834108,72.9022333,0
HOS_37,Hospital,Surbhi Dental Clinic(Dr.Samata Dhuppad),19.0176169,72.8561288,0
HOS_38,Hospital,Uday Pathak Hospital,19.0759837,72.8776559,0
HOS_41,Hospital,Shroff Eye Clinic,18.9435836,72.8228706,0
HOS_42,Hospital,Smt. Kamladevi Gauridutt Mittal Ayurvedic Hosp,19.1055042,72.8500559,0
HOS_43,Hospital,Dholkawalla Maternity Home,18.952263,72.8340598,0
HOS_44,Hospital,The Hussonally Abdulally Dholkawalla Wakf Charity Trust,18.952263,72.8340598,0
HOS_45,Hospital,Advanced Cardiovascular Specialists Pvt Ltd,,,0
HOS_46,Hospital,Bay View Clinic,19.0759837,72.8776559,0
HOS_47,Hospital,Beramjis Hospital,,,0
HOS_48,Hospital,"Brahman Sabha, Mumbai. Mhaskar Gruh And General Nu",18.9575324,72.8190671,0
HOS_49,Hospital,Chhaya Surgical Home,19.2461644,72.8509056,0
HOS_50,Hospital,Conwest Jain Clinic Group Of Hospitals,,,0
HOS_51,Hospital,D S Kothari Hospital,,,0
HOS_52,Hospital,Dr. Rajesh D Mody - V.P.Road,19.0759837,72.8776559,0
HOS_53,Hospital,Dr. Yash Shah Total Eye Care,,,0
HOS_54,Hospital,Dr.Pai Dhungat Maternity and Nursing Home,19.0176169,72.8561288,0
HOS_55,Hospital,Endocrine Metabolic Laboratory,18.956084,72.8151877,0
HOS_56,Hospital,Harkissondass and Narottamdass Hospital and Research Centre,,,0
HOS_57,Hospital,Hematology Laboratory,19.0759837,72.8776559,0
HOS_58,Hospital,Inkus Ivf Centre,,,0
HOS_59,Hospital,Kamla Eye Clinic,,,0
HOS_61,Hospital,Mother and Child Care Clinic,,,0
HOS_62,Hospital,Shivneh,,,0
HOS_63,Hospital,Sir Hurkisondas Nurrotumdas Hospital and Research Center,,,0
HOS_64,Hospital,Slr Fortis,,,0
HOS_65,Hospital,Trinity Clinic Pvt.Ltd,18.9570051,72.8239724,0
HOS_66,Hospital,Ursekar Laser and Microssurgery Eye Clinic,,,0
HOS_67,Hospital,V.A.D.T Nursing Home,19.0759837,72.8776559,0
HOS_68,Hospital,Yogeshwar Surgical Clinic and Nursing Home - Mumbai,,,0
HOS_69,Hospital,Indu Clinic,18.9276348,72.8330646,0
HOS_70,Hospital,Inhs Asvini,18.9002475,72.8152995,0
HOS_71,Hospital,Sujata Medicare (Sujata Gyanaecology Clinic),19.1198548,72.8464601,0
HOS_72,Hospital,Zaveri Eye Clinic,19.0723058,73.0006774,0
HOS_73,Hospital,Kataria Eye Clinic,18.9190478,72.8294948,0
HOS_74,Hospital,St. Elizabeth's Hospital,,,0
HOS_75,Hospital,Aayush Eye Clinic,19.0597308,72.8989478,0
HOS_76,Hospital,Bombay City Eye Institute and Research Center,18.956136,72.8081781,0
HOS_77,Hospital,Dr Amonkar Hospital,,,0
HOS_78,Hospital,Dr Galas Nursing Home,18.9591784,72.8145383,0
HOS_79,Hospital,Dr Turners S Speciality Dental Centre,19.0759837,72.8776559,0
HOS_80,Hospital,Dr. Gala's Nursing Home,,,0
HOS_81,Hospital,Dr. Nisars Eye Care Centre,18.9636754,72.8161899,0
HOS_82,Hospital,Dr.(Mrs.) Havovi S. Madon,,,0
HOS_83,Hospital,Dr.Mangeshikar Clinic,18.9602406,72.8103742,0
HOS_84,Hospital,Eye-Q Vision Care,18.95753,72.8088794,0
HOS_85,Hospital,Foresight Eye Center,,,0
HOS_86,Hospital,Infiniti Eye Hospital,19.0759837,72.8776559,0
HOS_87,Hospital,Mangeshikar Access Gynecology and Infertility Center,18.9591937,72.8122626,0
HOS_88,Hospital,N M Medical Centre,18.9576029,72.8103199,0
HOS_89,Hospital,New Babulnath Ent Clinic,18.9653852,72.8147262,0
HOS_90,Hospital,Palshetkar Patil Nursing Home,18.9537342,72.8183134,0
HOS_91,Hospital,Samyak Drishti Eye Centre,18.9563549,72.8133985,0
HOS_92,Hospital,Shah Eye Clinic and Nursing Home,19.0759837,72.8776559,0
HOS_93,Hospital,The Vascular Clinic,18.9586748,72.8110314,0
HOS_95,Hospital,Ipc Heart Care,19.0176169,72.8561288,0
HOS_97,Hospital,Nagori Clinic And Nursing Home,18.9688538,72.8283084,0
HOS_98,Hospital,Prathmesh General Hospital and Iccu,,,0
HOS_99,Hospital,Sadhu-Kamal Eye Hospital,18.965987,72.818904,0
HOS_100,Hospital,Swastik Nursing Home,19.0552812,72.8892082,0
HOS_101,Hospital,M.H. Saboo Siddique Maternity and General Hospital - Masjid,18.9506004,72.8382547,0
HOS_102,Hospital,Gokul Hospital,19.1330996,72.8372689,0
HOS_103,Hospital,Prince Aly Khan Hospital,18.970835,72.8357489,0
HOS_104,Hospital,Sai Raj Hospital,,,0
HOS_105,Hospital,Nirmala Maternity And Surgical Hospitalwith Polyclinic,,,0
HOS_106,Hospital,Sankalp Eye Care Centre,18.9927476,72.8310679,0
HOS_107,Hospital,Vatsalya Nursing Home,,,0
HOS_108,Hospital,Dr Chetan Shetty Clinic,19.0176169,72.8561288,0
HOS_109,Hospital,Dr G M Bhargava Clinic,18.99833,72.83864,0
HOS_110,Hospital,Dr.Zankars Diagnostic Centre,18.9952875,72.8364244,0
HOS_111,Hospital,"Global Hospital-Super Speciality And Transplant Centre ( A Unit Of Centre For Digestive and Kidney Diseases (India) Pvt. Ltd.,",,,0
HOS_112,Hospital,K B H B Charitable Ophthalmic and E.N.T Hospital,19.0021567,72.8415793,0
HOS_113,Hospital,K B Haji Bachooali Charitable Ophthalmic and E N T H,19.003095,72.8393973,0
HOS_114,Hospital,Municipal Corporation Of Greater Mumbai,19.0857348,72.9138503,0
HOS_115,Hospital,N S Optical Contact Lens Clinic Ghatkopar,18.9840396,72.835737,0
HOS_116,Hospital,Om Shanti Manav Kalyan Netralay,,,0
HOS_117,Hospital,Parel Institute Of Orthopaedic Specialities,19.004888,72.8456268,0
HOS_118,Hospital,Dr Nerurkars Harish Nursing Home,,,0
HOS_119,Hospital,Dr.Mugdha Ranade Eye Clinic,,,0
HOS_120,Hospital,Harish Nursing Home,18.991758,72.831223,0
HOS_121,Hospital,Jain Diagnotic Centre,18.9915925,72.8315014,0
HOS_122,Hospital,Akshi Eye Centre,19.0187123,72.8480251,0
HOS_123,Hospital,Arthroscopy and Sports Medicine Institute,,,0
HOS_124,Hospital,Ashirvad Clinic(Dr.Vandana Walvekar),19.021324,72.8424178,0
HOS_125,Hospital,Ashirwad Transfusion And Chemotherapy Centre,19.0759837,72.8776559,0
HOS_126,Hospital,Ashwini Accident Hospital and Poly Clinic,,,0
HOS_127,Hospital,Asmi Arthroscopy and Sports Medicine Institute,19.019119,72.848349,0
HOS_128,Hospital,B N D Onco Center,19.016976,72.847592,0
HOS_129,Hospital,Dr Khandeparkars Nursing Home,19.0194936,72.8467661,0
HOS_130,Hospital,Dr Kulkarni Hospital,19.1365997,72.8566074,0
HOS_131,Hospital,Dr M B Agarwalclinic,19.0759837,72.8776559,0
HOS_132,Hospital,Dr R M Jangada Clinic Dadar,19.0146087,72.8427525,0
HOS_133,Hospital,Dr. Karmarkar Hospital,19.0160002,72.8431146,0
HOS_134,Hospital,Dr. Vaze`S Nursing Home And Eye Clinic,,,0
HOS_135,Hospital,Elixir Hospital,19.0187882,72.848917,0
HOS_136,Hospital,G S B S Medical Trust,19.0099129,72.8426858,0
HOS_137,Hospital,Haematology Centre,19.0759837,72.8776559,0
HOS_138,Hospital,Kashyap Nursing Home,,,0
HOS_139,Hospital,Krishna Cardiac Care Centre,19.0228246,72.8534206,0
HOS_140,Hospital,Laud Clinic,19.020546,72.8487169,0
HOS_141,Hospital,Navneet Jain Health Center,19.0207984,72.8384577,0
HOS_142,Hospital,Nehru Nagar Medical Center,,,0
HOS_143,Hospital,Nirmal Nursing Home,,,0
HOS_144,Hospital,Prof (Dr.) M B Agarwals Haematology Day Care Centr,19.0759837,72.8776559,0
HOS_145,Hospital,Shree Samarth Nursing Home,18.9635287,72.8280994,0
HOS_146,Hospital,Shrikhande Clinic,19.021324,72.8424178,0
HOS_147,Hospital,Suprabha Surgicare,19.0099129,72.8426858,0
HOS_148,Hospital,Dr. Haresh L Gala Clinic-Acharya Donde Marg.,19.0759837,72.8776559,0
HOS_149,Hospital,Sewree Nursing Home,19.0759837,72.8776559,0
HOS_150,Hospital,Dr Haresh Shah Prabhat Maternity and Surgical Nursing Home,,,0
HOS_151,Hospital,Dr. Fonsecas Maternity and Surgical Home,19.0414516,72.8453359,0
HOS_152,Hospital,Dr. Mathure`S Surgical Clinic,19.0351534,72.8404432,0
HOS_153,Hospital,"Dr.(Mrs,) Renu L. Vallicha",19.0351534,72.8404432,0
HOS_154,Hospital,Dr.Koppikars Family Clinic,19.0334876,72.8463712,0
HOS_155,Hospital,Gupte Maternity and Surgical Home,19.0298134,72.8398724,0
HOS_156,Hospital,Laxmi Clinic,,,0
HOS_157,Hospital,Nadkarni Clinic,19.0351534,72.8404432,0
HOS_158,Hospital,Netra Retina And Laser Centre,19.0353124,72.8436859,0
HOS_159,Hospital,North Bombay Clinic Surgical and Maternity Home,19.0338576,72.8423219,0
HOS_160,Hospital,P D Hinduja National Hospital and Medical Research Centre,19.0374901,72.8390644,0
HOS_161,Hospital,Pikale Hospital,,,0
HOS_162,Hospital,Prabhat Maternity And Surgical Nursing Home,,,0
HOS_163,Hospital,Rajvi Clinic,19.0281662,72.8382547,0
HOS_164,Hospital,S.L. Raheja Hospital,19.032012,72.8401043,0
HOS_165,Hospital,Shree Saraswati Nursing Home,19.0310674,72.8453376,0
HOS_166,Hospital,Surlata Hospital,,,0
HOS_167,Hospital,Triveni Nursing Home,19.0313867,72.8379652,0
HOS_168,Hospital,Ayurseva Hospital,19.0463778,72.8543168,0
HOS_169,Hospital,Bava Medical Centre,19.0402084,72.8508504,0
HOS_170,Hospital,Dhanwantari Nursing Home and Diagnostic Centre,19.0390744,72.8527492,0
HOS_171,Hospital,Dr. Sushil D Nakhates Child Care Centre and Shruti Nursing Home,19.0480285,72.857092,0
HOS_172,Hospital,Lfe Care Hospital - Dharavi,19.0480285,72.857092,0
HOS_173,Hospital,Sai Hospital,,,0
HOS_174,Hospital,Sai Medicure Services Pvt. Ltd. (Sai Hospital),19.0402084,72.8508504,0
HOS_175,Hospital,Bosco Nursing Home and Ent Research Centre,,,0
HOS_176,Hospital,Dr Gadgils Eye Hospital,,,0
HOS_177,Hospital,Nirmal Clinic,18.9872015,72.8290456,0
HOS_178,Hospital,R R A Podar Central Research Institute,18.9997784,72.8169357,0
HOS_179,Hospital,Regenesis,,,0
HOS_180,Hospital,Reliance Life Sciences Pvt. Ltd,19.0062696,72.8206853,0
HOS_181,Hospital,Saarthi Hospital,19.1509879,72.9315251,0
HOS_182,Hospital,The Bombay Mothers and Children Welfare Societys,19.0031932,72.8192367,0
HOS_183,Hospital,Dr Trivedis Maternity and Nursing Home,19.0792247,72.9057813,0
HOS_184,Hospital,Dr V T Shah Diagnostic Centre and Clinic,19.023947,72.8529909,0
HOS_185,Hospital,Dr.Chhatres Maternity and Surgical Nursing Home,19.0252685,72.8523958,0
HOS_186,Hospital,Icon The Eye Consultants Eye and Laser Centre,19.0336548,72.854459,0
HOS_187,Hospital,Insight Eye Clinic,19.0759837,72.8776559,0
HOS_188,Hospital,Jashem Eye Institute,19.0759837,72.8776559,0
HOS_189,Hospital,Lions Club Of East Bombay,19.0099,72.820598,0
HOS_190,Hospital,Naik Nursing Home and Endoscopy Centre,19.0962638,73.0111333,0
HOS_191,Hospital,Narvekar Clinics,,,0
HOS_192,Hospital,Shah Nursing Home,,,0
HOS_193,Hospital,Siddhamrut Clinic,19.022637,72.851028,0
HOS_194,Hospital,Visaria Nursing Home - Matunga,19.0304554,72.8469971,0
HOS_195,Hospital,Bombay Hospital and Medical Research Centre,18.9389181,72.8286535,0
HOS_196,Hospital,Dr. Bacha`S Memorial Belle Vue Nursing Home,,,0
HOS_197,Hospital,Zain Eye Care,18.9457243,72.8237605,0
HOS_198,Hospital,Abhishek Day Care Ins. and Medical Research Centre,,,0
HOS_199,Hospital,Lady Ratan Tata Medical Centre,19.0759837,72.8776559,0
HOS_200,Hospital,Vinod Sharma Memorial Medical Centre,19.0759837,72.8776559,0
HOS_201,Hospital,Ashirwad Nursing Home,19.0394894,72.8597092,0
HOS_202,Hospital,Dr Savlas Child Care Centre,19.0351454,72.8663173,0
HOS_203,Hospital,Dr. Deosthaci's Eye Care Centre,19.0397531,72.8611975,0
HOS_204,Hospital,Dr.Patrawala`S Kalpana Nursing Home,19.0516931,72.8691602,0
HOS_205,Hospital,Endoscopy Asia,19.0381054,72.8596712,0
HOS_206,Hospital,Gandhi Hospital - Navi Mumbai,19.153192,72.9969872,0
HOS_207,Hospital,Iyers Polyclinic,19.0351454,72.8663173,0
HOS_208,Hospital,Kamakshi Maternity Home,,,0
HOS_209,Hospital,Krishna Eye Centre,19.0351454,72.8663173,0
HOS_210,Hospital,Mata Lachmi Hospital,19.0349625,72.8601821,0
HOS_211,Hospital,Shanmukhananda Aditya Jyot Eye Institute - Sion - Mumbai,19.0351454,72.8663173,0
HOS_212,Hospital,Shanmukhananda Jasubhai Rkshah Medical Centre,19.0176169,72.8561288,0
HOS_213,Hospital,Shri Vaishnav Seva Samaj Public Charitable Trust -,19.0390214,72.8618952,0
HOS_214,Hospital,Smt. Sushilaben R. Mehta and Sir K.P. Cardiac Institute / (Sir Kikabhai Premchand Trust),,,0
HOS_215,Hospital,Varun Cardiac Clinic,19.082354,72.9051026,0
HOS_216,Hospital,Vyas Surgery Mumbai,,,0
HOS_217,Hospital,Amrutha Surgical And Maternity Home,19.0898792,72.908696,0
HOS_218,Hospital,Aryan Hospital and Iccu - Kurla-Mumbai,19.0579437,72.8412418,0
HOS_219,Hospital,Ashvini Maternity and Surgical Nursing Home,19.0639898,72.8825627,0
HOS_220,Hospital,Prarushi Healthcare Pvt Ltd / Kusumesh Chandra Maternity Hospital,,,0
HOS_221,Hospital,Asha Surgical and Maternity Home Laparoscopy and Famil,19.0158466,72.8279973,0
HOS_222,Hospital,Comfort Clinic Nursing Home,,,0
HOS_223,Hospital,Dr.D.M.Beke,19.0759837,72.8776559,0
HOS_224,Hospital,"Dr.Palep`S ""Priyank""Maternity Nursing Home",,,0
HOS_225,Hospital,Fayth Clinic,19.0137008,72.8294379,0
HOS_226,Hospital,Punamiya Hospital,19.0181462,72.8357351,0
HOS_227,Hospital,Savla Medical Center,19.0158466,72.8279973,0
HOS_228,Hospital,Siddivinayak Healthcare Pvt Ltd,19.0235976,72.8378125,0
HOS_229,Hospital,Sidhivinayk Clinic,19.0096924,72.8299301,0
HOS_230,Hospital,Tirtha Surgical and Maternity Home,19.0254538,72.8357672,0
HOS_231,Hospital,Varad Medical Centre,,,0
HOS_232,Hospital,Breach Candy Hospital Trust,18.972711,72.804394,0
HOS_233,Hospital,Doshi Eye Care,18.9714675,72.8095069,0
HOS_234,Hospital,Gynaecworld,19.0759837,72.8776559,0
HOS_235,Hospital,Jaslok Hospital and Research Centre,,,0
HOS_236,Hospital,Right Sight Eye Clinic,19.0759837,72.8776559,0
HOS_237,Hospital,Soonawala Clinic,18.9678635,72.8089613,0
HOS_238,Hospital,Voras Nursing Home,,,0
HOS_239,Hospital,Balaji Hospital,18.9821993,72.8382547,0
HOS_240,Hospital,Ashtavinayak Maternity Surgical and Eye Hospital,19.0759837,72.8776559,0
HOS_241,Hospital,Ashvini Nursing and Maternity Home,19.0235976,72.8378125,0
HOS_242,Hospital,Deccan Fertility Clinic and Keyhole Surgery Center,19.0759837,72.8776559,0
HOS_243,Hospital,Dev Nursing Home,19.0759837,72.8776559,0
HOS_244,Hospital,Dnyan Geeta Nursing Home,19.0256197,72.8372812,0
HOS_245,Hospital,Dr Dhaval D Shah Clinic,,,0
HOS_246,Hospital,Dr Sunil Kowlis Surgical Clinic And Nusing Home,,,0
HOS_247,Hospital,Dr Thakur Hospital,19.0235976,72.8378125,0
HOS_248,Hospital,Dr. Gandhi's Nusing Home,,,0
HOS_249,Hospital,Dr.Patkars Surgical Nursing Home,19.0235976,72.8378125,0
HOS_250,Hospital,Dr.Vaze Hospital,19.0241157,72.8365432,0
HOS_251,Hospital,Nerkar Surgical Clinic,19.0163387,72.8401024,0
HOS_252,Hospital,"Paramount Medical Services Pvt Ltd.,",,,0
HOS_253,Hospital,Shree Vardhaman Sthanakvasi Jain Shravak Sangh Dadar Sanchalit Navneet Jain Health Centre,19.0207984,72.8384577,0
HOS_254,Hospital,Shreedhar Hospital,19.021324,72.8424178,0
HOS_255,Hospital,Shri Siddhivinayak Nursing Home,19.021324,72.8424178,0
HOS_256,Hospital,Shushrusha Citizens` Co-Op Hospital Ltd.,19.0213255,72.8397884,0
HOS_257,Hospital,Thyrocare Services,,,0
HOS_258,Hospital,Urology and Infertility Clinic Dadar,19.0241157,72.8365432,0
HOS_259,Hospital,Vijeet Stone Center,19.0241157,72.8365432,0
HOS_260,Hospital,Well Spring Dr Avinash Phadke Pathlab Clinic,19.0242735,72.8379211,0
HOS_261,Hospital,Ishanni Urology Center,19.0759837,72.8776559,0
HOS_262,Hospital,Sai Deep Nursing Home,,,0
HOS_263,Hospital,Metropolis Health Services India Ltd,,,0
HOS_264,Hospital,Worli Hospital For Women,19.0759837,72.8776559,0
HOS_265,Hospital,Aditya Jyoti Eye Hospital(P V T ) L T D,,,0
HOS_266,Hospital,Rotunda Nursing Home,19.0151285,72.8580644,0
HOS_267,Hospital,Shobha Maternity and Surgical Home,18.9655331,72.8165727,0
HOS_268,Hospital,Aryan Hospital and Icu,19.0097727,72.9017603,0
HOS_269,Hospital,Dr Redkars Maternity and Nursing Home,19.1822352,72.9468948,0
HOS_270,Hospital,Anudhiti Care,,,0
HOS_271,Hospital,"Aus Clinic and Lithotripsy Center, Tardeo",,,0
HOS_272,Hospital,Janakee Nursing Home,19.0759837,72.8776559,0
HOS_273,Hospital,Nova Medical Centers Pvt Ltd,18.9681499,72.8122442,0
HOS_274,Hospital,Shetty Nursing Home (Shetty Health Services Pvt. Ltd.),18.9746477,72.8128577,0
HOS_275,Hospital,Shetty Nurshing Home,18.9746477,72.8128577,0
HOS_276,Hospital,Chinmay Nursing Home Wadala,,,0
HOS_277,Hospital,Dr Gupta Clinic And Day Carecentre,19.0743137,72.8278871,0
HOS_278,Hospital,Genesis Speciality Center (Health-Check Up,19.0088678,72.8573828,0
HOS_279,Hospital,Jyoti Nursing Home,19.0283439,72.869804,0
HOS_280,Hospital,Micro Care Diagnostic Centre,19.0151285,72.8580644,0
HOS_281,Hospital,Rainbow Kidz Hospital,,,0
HOS_282,Hospital,Amey Eye Care Centre,19.0759837,72.8776559,0
HOS_283,Hospital,Aniket Nuring Home,19.1316889,72.9351934,0
HOS_284,Hospital,Ankur Maternity and Surgical Nursing Home,19.1308769,72.9359605,0
HOS_285,Hospital,Shaily Nursing Home,19.1375536,72.9350174,0
HOS_286,Hospital,Bombay City Hospital,19.0493908,72.9145327,0
HOS_287,Hospital,Dr. Tidke Hospital,19.051694,72.930923,0
HOS_288,Hospital,Ekta Nursing Home and Polyclinic,19.0520628,72.9272317,0
HOS_289,Hospital,Gaware Nursing Home,,,0
HOS_290,Hospital,Mahaveer Nursing Home,,,0
HOS_291,Hospital,Omkar Nursing Home,19.051694,72.930923,0
HOS_292,Hospital,Royal Nursing Home,19.0489198,72.9143346,0
HOS_293,Hospital,Saraswati Hospital,,,0
HOS_294,Hospital,Shree Mahaveer Nursing Home - Govandi-Mumbai,19.0511,72.9205,0
HOS_295,Hospital,Vikas Nursing Home,19.055124,72.9154653,0
HOS_296,Hospital,Ascent Clinic,,,0
HOS_297,Hospital,"Bharatiya Arogya Nidhi, Sheth Kantilal C. Parikh G",,,0
HOS_298,Hospital,Center For Cataract Surgery - Mumbai,19.110608,72.832553,0
HOS_299,Hospital,Criticare Multispeciality Hospital And Research Centre,,,0
HOS_300,Hospital,Divya Eye Clinic And Day Care Centre,,,0
HOS_301,Hospital,Dr Jayant Doshi,,,0
HOS_302,Hospital,Dr.Daftarys Total Care Clinic,19.1080574,72.8290035,0
HOS_303,Hospital,Juhu Clinical Laboratory,19.1067104,72.829273,0
HOS_304,Hospital,Laser Institute Of Laser Medicine,19.1102949,72.8409693,0
HOS_305,Hospital,Oculus Eye Hospital Pvt. Ltd,19.1102949,72.8409693,0
HOS_306,Hospital,Pushpa Hospital,19.1483497,72.8404703,0
HOS_307,Hospital,Sheth Kantilal C. Parikh General Hospital,19.1086051,72.8267176,0
HOS_308,Hospital,Shree Hi- Tech Clinic Pvt. Ltd. /Laserx,19.1141161,72.8393625,0
HOS_309,Hospital,Spectrum Health Care,,,0
HOS_310,Hospital,Sujay Hospital,19.1160222,72.8313139,0
HOS_311,Hospital,The Vission Eye Centre,19.110608,72.832553,0
HOS_312,Hospital,Bandra Pathology Laboratory,19.0616128,72.83184,0
HOS_313,Hospital,Ceds The Cneter Of Eye Dianostics And Surgery,19.0606917,72.8362497,0
HOS_314,Hospital,Devi Maternity and Surgical,19.0622209,72.8357525,0
HOS_315,Hospital,Dr A K Chandiramani Hospital,19.0636199,72.8351453,0
HOS_316,Hospital,Dr Jains Dental Speciality Centre,19.0557586,72.8319193,0
HOS_317,Hospital,Dr Mukul Dabholkar Bandra,19.0606917,72.8362497,0
HOS_318,Hospital,Dr. Pattnaiks Nursing Home,19.0606917,72.8362497,0
HOS_319,Hospital,Dr. R. N. Shetty's Nursing Home,19.0606917,72.8362497,0
HOS_320,Hospital,Dr.Mira Raisinghaney Maternity and Surgical Nursing,19.0606917,72.8362497,0
HOS_321,Hospital,Empire Centre,19.0606917,72.8362497,0
HOS_322,Hospital,Holy Family Hospital,19.0799499,72.8367149,0
HOS_323,Hospital,Kiddie Ville Clinic,19.0606917,72.8362497,0
HOS_324,Hospital,Lilavati Hospital And Research Centre,19.0606917,72.8362497,0
HOS_325,Hospital,Mahatma Gandhi Seva Mandir,19.057173,72.8393225,0
HOS_326,Hospital,Mumbai Cancer Clinic,19.0606917,72.8362497,0
HOS_327,Hospital,Neisa Laser Centre,19.0606917,72.8362497,0
HOS_328,Hospital,Nm Medical Center,19.0606917,72.8362497,0
HOS_329,Hospital,Ojas Laser Eye Surgery Centre,19.0606917,72.8362497,0
HOS_330,Hospital,Parekh Eye Hospital,19.0606917,72.8362497,0
HOS_331,Hospital,Revival Polyclinic,19.0606917,72.8362497,0
HOS_332,Hospital,Satya Shiva Medicals Pvt. Ltd.,19.0674662,72.828512,0
HOS_333,Hospital,Shroff Eye Hospital,19.0607435,72.8369031,0
HOS_334,Hospital,Shruti Nursing Home,19.0606917,72.8362497,0
HOS_335,Hospital,Sushama Patkar Maternity ( and Surgical) Home - Bandra,19.0536244,72.8245123,0
HOS_336,Hospital,The Cosmetic Surgery Institute,19.0593278,72.8351498,0
HOS_337,Hospital,Vision 2000 Laser Surgery Centre,19.0525804,72.8242037,0
HOS_338,Hospital,West Lake Speciality Clinic,19.0563119,72.8386593,0
HOS_339,Hospital,Fortis Hospitals Limited,19.1605587,72.9469214,0
HOS_340,Hospital,Laxmi Surgical Clinic,19.060533,72.8493479,0
HOS_341,Hospital,Nandini Eye Care Centre,19.0608089,72.8454864,0
HOS_342,Hospital,Palvi Maternity and Mother Care Centre - Bandra Mumbai,19.0574076,72.8447654,0
HOS_343,Hospital,Shakuntal- Chitra Nursing Home,,,0
HOS_344,Hospital,Tejas Eye Clinic,19.0585316,72.8478554,0
HOS_345,Hospital,Tushar Maternity and Surgical Nursing Home,19.1551485,72.8678551,0
HOS_346,Hospital,Bombay Endoscopy Academy and Centre For Minimally In,,,0
HOS_347,Hospital,Chrysalizz,19.0716903,72.8341267,0
HOS_348,Hospital,Dr Gupte Lying-In Surgical Hospital,,,0
HOS_349,Hospital,G.M.Medical Centre - Khar,19.0703631,72.8369507,0
HOS_350,Hospital,Gopi Nursing Home,19.0716903,72.8341267,0
HOS_351,Hospital,Hinduja Healthcare,,,0
HOS_352,Hospital,I Sight Eyecare And Surgery,19.0176169,72.8561288,0
HOS_353,Hospital,Khar Clinico-Pathological Laboratory,19.074515,72.834424,0
HOS_354,Hospital,Kumar Clinic,19.0716903,72.8341267,0
HOS_355,Hospital,Mahavir Medical Research Center,19.0741473,72.8325682,0
HOS_356,Hospital,Morwani Nursing Home,,,0
HOS_358,Hospital,Ramakrishna Mission Hospital,19.0715992,72.8348232,0
HOS_359,Hospital,Rg Stone Urology and Laproscopy Hospital - Mumbai,,,0
HOS_360,Hospital,Tulip Womens Healthcare Centre - Khar (W),19.0689055,72.8320899,0
HOS_361,Hospital,Vardan Nursing Home Pvt.Ltd.,19.1551485,72.8678551,0
HOS_362,Hospital,Aashna Nursing Home,,,0
HOS_363,Hospital,Akanksha Maternity and Surgical Hospital,,,0
HOS_364,Hospital,Ameya Maternity and Nursing Home,19.1363246,72.82766,0
HOS_365,Hospital,Ashwini Clinic,19.1198548,72.8464601,0
HOS_366,Hospital,Bellevue Multispeciality Hospital,19.1363246,72.82766,0
HOS_367,Hospital,"Benzer Nursing Home, Andheri",19.1363246,72.82766,0
HOS_368,Hospital,Clear Vision Eye Care,,,0
HOS_369,Hospital,Divyajyoti Eye Clinic,,,0
HOS_370,Hospital,Dr Parekhs Deafness Clinic and Ent Hospital,19.1198548,72.8464601,0
HOS_371,Hospital,Dr. Indus New Born And Child Care Centre,19.1363246,72.82766,0
HOS_372,Hospital,Dr. Jk Shah's Eye Clinic and Laser Centre,19.1363246,72.82766,0
HOS_373,Hospital,Dr. Joshi Surgical and Maternity Hospital,19.1198548,72.8464601,0
HOS_374,Hospital,Dr. Khosla`S Dental Centre,19.1437436,72.8251145,0
HOS_375,Hospital,Dr. M.I.Doongerwala - Andheri,19.1363246,72.82766,0
HOS_376,Hospital,Dr. Pareeks Deafness Clinic and Ent Hospital - Andheri,19.1363246,72.82766,0
HOS_377,Hospital,Eva Medicare Center - Andheri,19.1732556,72.8363508,0
HOS_378,Hospital,Gandhi Nursing Home,19.1435906,72.8246291,0
HOS_379,Hospital,Indu Child Care Center,,,0
HOS_380,Hospital,Kokilaben Dhirubhai Ambani Hospital,19.1344172,72.8256366,0
HOS_381,Hospital,Kulkarni Nursing Home and Polyclinic,19.1396177,72.8317178,0
HOS_382,Hospital,Life Care Medical Centre,19.1373646,72.8253553,0
HOS_383,Hospital,Manak Healthcare Hospital,,,0
HOS_384,Hospital,Parijat Surgical and General Hospital,19.1363246,72.82766,0
HOS_385,Hospital,Pushpa Maternity Home,19.1455917,72.8229639,0
HOS_386,Hospital,Reges Bone And Joint Care Centre,19.1438721,72.8243536,0
HOS_387,Hospital,Sanghvi Hospital (Andheri),19.1455917,72.8229639,0
HOS_388,Hospital,Sengal Patan Lab,19.1289346,72.8248789,0
HOS_389,Hospital,Shreeji Hospital,19.1969579,72.8733648,0
HOS_390,Hospital,Siddhartha Municipal General Hospital,19.1629338,72.839241,0
HOS_391,Hospital,Siddhivinayak Surgical Centre,19.1363246,72.82766,0
HOS_392,Hospital,Suman Eye Clinic And Surgery Centre,19.1445491,72.8254052,0
HOS_393,Hospital,Super Religare Laboratories Ltd,19.1363246,72.82766,0
HOS_394,Hospital,Surgicare Medical Centre - Mumbai,19.1363034,72.827096,0
HOS_395,Hospital,Vijay Opticians,19.1285131,72.8247942,0
HOS_396,Hospital,Vital Care Centre,19.1363246,72.82766,0
HOS_397,Hospital,Yash Neel Maternity Home,19.1198548,72.8464601,0
HOS_398,Hospital,Aseem Orthopaedic Hospital,19.0893623,72.837722,0
HOS_399,Hospital,Asha Orthopedic Hospital,,,0
HOS_400,Hospital,Bcj Hospital And Asha Parekh Research Centre,19.0820719,72.8404132,0
HOS_401,Hospital,Bhargava Nursing Home,19.0811858,72.8361408,0
HOS_402,Hospital,Clilical Pathology and Bacteriology Clinic,19.0825013,72.8387327,0
HOS_403,Hospital,Dr. Kamdars Nursing Home,,,0
HOS_404,Hospital,Fantasy Clinic,19.1363246,72.82766,0
HOS_405,Hospital,Gandhi Nursing Home,19.0815087,72.8376755,0
HOS_406,Hospital,Kenias Eye Hospital,19.0895032,72.8385658,0
HOS_407,Hospital,Life Line Hospital and Diagnostics Pvt Ltd,19.0815087,72.8376755,0
HOS_408,Hospital,Malhaar Maternity And General Nuring Home,,,0
HOS_409,Hospital,Malpani Eye Hospital And Laser Centre,19.0815087,72.8376755,0
HOS_410,Hospital,Maniar Clinic,19.088112,72.835058,0
HOS_411,Hospital,Mumbai Retina Centre,19.0815087,72.8376755,0
HOS_412,Hospital,Nagvekar Eye Clinic,,,0
HOS_413,Hospital,Netrapuja Research Centre,19.072631,72.838478,0
HOS_414,Hospital,P.H Medical Centre,,,0
HOS_415,Hospital,Radiance Laser Vision Centre,19.0815087,72.8376755,0
HOS_416,Hospital,Saifee Polyclinic and Diagnostic Cent,,,0
HOS_417,Hospital,Samvedan Health Care Clinic,19.0815087,72.8376755,0
HOS_418,Hospital,Sarla Hospital and Icu,19.085559,72.8364953,0
HOS_419,Hospital,Sarvodaya Eye Hospital,19.081131,72.839053,0
HOS_420,Hospital,Smruti Nursing Home,19.0819373,72.8382266,0
HOS_421,Hospital,Surya Childrens Hospital,,,0
HOS_422,Hospital,The Ark Clinic,19.0815087,72.8376755,0
HOS_423,Hospital,Zen Eye Center,,,0
HOS_424,Hospital,Aastha Surgical Clinic,,,0
HOS_425,Hospital,Dattatreya Nursing Home,19.0825366,72.8502317,0
HOS_426,Hospital,Dr. Raut`S Maternity and Surgical Nursing Home,19.1515624,72.9435765,0
HOS_427,Hospital,Dr. Sheth Surgical Clinic andGeneral Nursing Home- Santacruz-Mumbai,19.079497,72.8465064,0
HOS_428,Hospital,Nandan Maternity and Surgical Home,19.0797967,72.8427287,0
HOS_429,Hospital,Prerana Nursing Home,,,0
HOS_430,Hospital,R. K. Hospital,,,0
HOS_431,Hospital,Siddhi Nursing Home,19.0801652,72.8494657,0
HOS_432,Hospital,Sona Medical Center,19.0759837,72.8776559,0
HOS_433,Hospital,Upadhyaya Nursing Home,19.07937,72.8562596,0
HOS_434,Hospital,Vakola Nursing Home and Polyclinic,19.0177749,72.8582527,0
HOS_435,Hospital,Dr Balabhai Nanavati Hospital,19.1013427,72.8394774,0
HOS_436,Hospital,Dr Jagdish Shahs Clinic,19.0982759,72.848784,0
HOS_437,Hospital,Dr Shah Hospital and Acupuncture Research Center,19.1405116,72.8421555,0
HOS_438,Hospital,Dr. Kusums Kapadia Clinic,,,0
HOS_439,Hospital,Dr. Sadiwalas Clinic and Nursing Home,19.106652,72.8402931,0
HOS_440,Hospital,Dr. Sanjay Soni,19.1145832,72.8358707,0
HOS_441,Hospital,Eclat Polyclinic,19.0759837,72.8776559,0
HOS_442,Hospital,Eyeris Medical Center Pvt. Ltd.,19.1012769,72.8425406,0
HOS_443,Hospital,Iris Eye Center,19.1102949,72.8409693,0
HOS_444,Hospital,Irla Nursing Home and Polyclinic,19.1102949,72.8409693,0
HOS_445,Hospital,Khandwala Eye Hospital and Polyclinic,,,0
HOS_446,Hospital,"Life Care Iccu , Medical and Surgical Emergencies",19.1083063,72.8382876,0
HOS_447,Hospital,Mahaveer Health Care Centre,19.098692,72.840026,0
HOS_448,Hospital,Navkar Eye Care Center,19.1102949,72.8409693,0
HOS_449,Hospital,Shruti Clinic - Vile Parle,19.1102949,72.8409693,0
HOS_450,Hospital,Sunflower Nursing Home,,,0
HOS_451,Hospital,The Mediheights Shreeji Hospital and Research Center,19.1083063,72.8382876,0
HOS_452,Hospital,Voras Clinical Laboratory,19.1030524,72.8466914,0
HOS_453,Hospital,"Aggarwal Eye Hospital , Vile Parle",19.1100258,72.8495392,0
HOS_454,Hospital,Ashish Maternity and Nursing Home - Vile Parle (E),19.0963781,72.8563994,0
HOS_455,Hospital,Dr. Kirits Nursing Home-Vile Parle,19.0963781,72.8563994,0
HOS_456,Hospital,Dr. Umesh Nisar Dental Clinic,,,0
HOS_457,Hospital,Dr.Satish G.Desai,,,0
HOS_458,Hospital,Dr.Tushar Shah,19.1043491,72.8464095,0
HOS_459,Hospital,Kirit Nursing Home,19.0963781,72.8563994,0
HOS_460,Hospital,Navjivan Maternity and Surgical Nursing Home,19.0963781,72.8563994,0
HOS_461,Hospital,Nityanand Iccu and Nursing Home,,,0
HOS_462,Hospital,Parle Eye Hospital,19.1007327,72.8484152,0
HOS_463,Hospital,Sarafs Diagnostic Center,19.1021198,72.8447758,0
HOS_464,Hospital,Sarda Clinic,19.0759837,72.8776559,0
HOS_465,Hospital,Saurabh Sanjanwala`S Maternity Gync.and Surgical Nur,19.1084218,72.8485457,0
HOS_466,Hospital,Shreeji Associates C/O Dr Ranes Nursing Home,19.095176,72.8499645,0
HOS_467,Hospital,Smt. Laxmiben Dharamsi Karsan Gala Eye Hospital,19.0963781,72.8563994,0
HOS_468,Hospital,Sunder Pathology Laboratory,19.0963781,72.8563994,0
HOS_469,Hospital,Vasudev Eye Clinic,19.0963781,72.8563994,0
HOS_470,Hospital,Vivek Pathology Laboratory,19.1024496,72.8499878,0
HOS_471,Hospital,Aastha Nursing Home - Andheri,19.1363246,72.82766,0
HOS_472,Hospital,Bses Mg Hospital (Managed By)Brahma Kumari Global Hospital and Res Center,19.1198548,72.8464601,0
HOS_473,Hospital,Doctor Eye Hospital,19.1363246,72.82766,0
HOS_474,Hospital,Dr Eye Institute Pvi Ltd,19.1363246,72.82766,0
HOS_475,Hospital,Dr Gadams Nursing Home,19.1363246,72.82766,0
HOS_476,Hospital,Dr Parmars Surgical Hospital,19.1166476,72.8427744,0
HOS_477,Hospital,Dr. Kirit Ichhashanker Oza - Andheri,19.1363246,72.82766,0
HOS_478,Hospital,Dr. Patel Nursing Home,19.1363246,72.82766,0
HOS_479,Hospital,Dr. Vaidya Eye Hospital,,,0
HOS_480,Hospital,Eye And Contact Lens Clinic,19.1198548,72.8464601,0
HOS_481,Hospital,Kaveri Eye Care Centre,19.1363246,72.82766,0
HOS_482,Hospital,Ladies Clinic and Hospital,,,0
HOS_483,Hospital,Masrani Clinic For Women and Mimas,19.1152002,72.844139,0
HOS_484,Hospital,Mediwavw Clinic,19.1363246,72.82766,0
HOS_485,Hospital,Nivaran Hospital,,,0
HOS_486,Hospital,Patil Hospital,19.1363246,72.82766,0
HOS_488,Hospital,Purandare Hospital,19.1295475,72.822229,0
HOS_489,Hospital,R.G. Scientific Enterprises Ltd,19.1366248,72.8363278,0
HOS_490,Hospital,Roshni Eye Hospital,19.113645,72.8697339,0
HOS_491,Hospital,Sainath Polyclinic,19.1363246,72.82766,0
HOS_492,Hospital,Sangeeta Maternity Surgical and Diagnostic Centre,19.113645,72.8697339,0
HOS_493,Hospital,Society Of The Helpers Of Mary Shraddha Vihar Hosp,19.1198548,72.8464601,0
HOS_494,Hospital,Srl Ranbaxy Ltd,19.1185922,72.872193,0
HOS_495,Hospital,Sushrut Clinic Orthosurgical Nursing Home,19.0759837,72.8776559,0
HOS_496,Hospital,Swati Eye Clinic,19.1363246,72.82766,0
HOS_497,Hospital,Unique Hospital And Polyclinic,,,0
HOS_498,Hospital,Vibha Maternity And Surgical Nursing Home,19.1363246,72.82766,0
HOS_499,Hospital,Vishal X-Ray Clinic,19.1363246,72.82766,0
HOS_500,Hospital,Ameya Surgical and General Nursing Home,19.104219,72.864046,0
HOS_501,Hospital,Chiranjeevi Nursing Home,19.113645,72.8697339,0
HOS_502,Hospital,Dadhich Nursing Home,19.1081099,72.8677512,0
HOS_503,Hospital,Diamond Hospital,19.1405116,72.8421555,0
HOS_504,Hospital,Dr Desai Eye Clinic and Phacoemulsification Center,,,0
HOS_505,Hospital,Dr Goels Maternity and General Hospital,19.1099032,72.8650609,0
HOS_506,Hospital,Dr Punjabis Laboratory,19.1154908,72.8726952,0
HOS_507,Hospital,Dr.Pintos Pathological Laboratory,19.1213135,72.8797755,0
HOS_508,Hospital,Dr.Sandip Anand,19.1110621,72.8655922,0
HOS_509,Hospital,Kiran Care and Cure Hospital,19.1110621,72.8655922,0
HOS_510,Hospital,Mukund Maternity And Surgical Nursing Home,19.1198548,72.8464601,0
HOS_511,Hospital,Nutan Mammography And Sonography Centre,19.113645,72.8697339,0
HOS_512,Hospital,Paramount General Hospital and Icu,19.1154908,72.8726952,0
HOS_513,Hospital,Priyanka Maternity And Surgical Nursing Home,,,0
HOS_514,Hospital,Rachana Maternity Paediatric and Surgical Nursing Ho,19.1110621,72.8655922,0
HOS_515,Hospital,Ratika Hospital and Research Center Pvt Ltd,,,0
HOS_516,Hospital,Rg Stone Urology And Laparoscopy Hospital,19.1338837,72.8376429,0
HOS_517,Hospital,Saish Nursing Home and Icu,19.1188585,72.8802146,0
HOS_518,Hospital,Sevenhills Healthcare Private Limited,19.1163793,72.8798583,0
HOS_519,Hospital,Spectacles And Contact Lens Clinic,19.1131214,72.867009,0
HOS_520,Hospital,"Sugun Hospital Multispeciality Diagnostic, Icu",19.1165713,72.8825342,0
HOS_521,Hospital,Umang Maternity And Surgical Nursing Home -Andheri (E),19.1154908,72.8726952,0
HOS_522,Hospital,Ashish Eye Hospital,,,0
HOS_523,Hospital,Dr Mandot Modern Clinical Pathology Laboratory,19.1738547,72.8476718,0
HOS_524,Hospital,Dr. Kamats Hospital - Jogeshwari - Mumbai,19.1364893,72.8488709,0
HOS_525,Hospital,Dr. Kulkarni Hospital,19.043902,72.8681195,0
HOS_526,Hospital,Dr. Shindes Childrens Hospital And Nicu,19.1364893,72.8488709,0
HOS_527,Hospital,Global Diagnostic Centre,19.0759837,72.8776559,0
HOS_528,Hospital,Kokan Hospital,,,0
HOS_529,Hospital,Parulekar Maternity And Surgical Nursing Home - Mumbai,19.1315933,72.8498738,0
HOS_530,Hospital,A.E.Kalsekar Hospital,19.1379278,72.8101762,0
HOS_531,Hospital,Mahima Hospital and Polyclinic,19.1306458,72.8184455,0
HOS_532,Hospital,Mamta Maternity and Nursing Home,19.0759837,72.8776559,0
HOS_533,Hospital,Piyush Hospital,,,0
HOS_534,Hospital,Saket Maternity and Nursing Home,,,0
HOS_535,Hospital,The Clinique and Nursing Home - Andheri,19.1350852,72.8146101,0
HOS_536,Hospital,Dr. (Mrs.) S.D.Patki Clinic,19.1699919,72.8497757,0
HOS_537,Hospital,Dr.Ganaskars Pathology Laboratory,19.0759837,72.8776559,0
HOS_538,Hospital,Enclave Maternity Home,19.1691237,72.8754694,0
HOS_539,Hospital,Eye Smile Clinic,19.1733185,72.8730215,0
HOS_540,Hospital,Gokuldham Medical Centre,19.1737578,72.8597274,0
HOS_541,Hospital,Kanchi Nursing Home,19.1551485,72.8678551,0
HOS_542,Hospital,Life Line Medicare Hospital Pvt Ltd,,,0
HOS_543,Hospital,Sai Sparsh Critical Care Centre,,,0
HOS_544,Hospital,Sudha Hospital and Polyclinic,19.1737578,72.8597274,0
HOS_545,Hospital,Surya Eye Clinic,19.1745143,72.862324,0
HOS_546,Hospital,Tushar Nursing Home,,,0
HOS_547,Hospital,Vishwa Kripa Hospital,,,0
HOS_548,Hospital,Yashada Maternity and Surgical Home,19.1509735,72.8758099,0
HOS_549,Hospital,Aashirwad Nursing Home,,,0
HOS_550,Hospital,Abhijit Hospital,19.1874689,72.8422219,0
HOS_551,Hospital,Adarsh Hospital,19.1963422,72.8105333,0
HOS_552,Hospital,Advanced Orthopaedic Centre,19.1827551,72.8401539,0
HOS_553,Hospital,Agrawal Eye Hospital,,,0
HOS_554,Hospital,Ahura Nursing Home,,,0
HOS_555,Hospital,Akshar Eye Clinic P P N,,,0
HOS_556,Hospital,Amar Nursing Home,,,0
HOS_557,Hospital,Bahl Nursing Home - Malad (W),,,0
HOS_558,Hospital,Darshan Orthopaedic and Surgical Clinic - Malad (W),,,0
HOS_559,Hospital,Dr Pagruts Fracture Orthopaedic And Surgical Hospital,,,0
HOS_560,Hospital,Dr Panchals Ishita Nursing Home,,,0
HOS_561,Hospital,Dr. Bet Hospital and Polyclinic,,,0
HOS_562,Hospital,"Dr. Manoj Shah , Fractureaccident - Orthopaedic",19.1016472,72.8500491,0
HOS_563,Hospital,Dr. Paralkars Shree Surgical and Maternity Nursing Home - Malad (W),,,0
HOS_564,Hospital,Dr. Vasa Hospital,19.1963422,72.8105333,0
HOS_565,Hospital,Dr.Guptas Nursing Home,19.1749892,72.8451337,0
HOS_566,Hospital,Dr.Ronak Prakash Bhandari,19.1834939,72.8357436,0
HOS_567,Hospital,Ear-Nose-Throat And Eye Clinic,19.180237,72.8554149,0
HOS_568,Hospital,Elite Maternity Home and Polyclinic,,,0
HOS_569,Hospital,Evershine Nursing Home,19.1928391,72.8330873,0
HOS_570,Hospital,Fracture - Accident - Orthopaedic Hospital,,,0
HOS_571,Hospital,Girnar Orthopaedic Surgical Hospital,,,0
HOS_572,Hospital,Ishita Nursing Home,,,0
HOS_573,Hospital,Janhvi Nursing Home,19.185155,72.8422978,0
HOS_574,Hospital,Jay Polyclinic Surgical and Maternity Nursing Home and Iccu,19.1840599,72.846178,0
HOS_575,Hospital,Khandelwal Ent and General Hospital and Polyclinic,19.1827551,72.8401539,0
HOS_576,Hospital,Kumta Eye and Retina Clinic and Laser Center,,,0
HOS_577,Hospital,Le Nest,19.1757956,72.8419473,0
HOS_578,Hospital,Lifeline Hospital Heart Insititute and Diagnostic Centre,19.1827551,72.8401539,0
HOS_579,Hospital,Maa Nursing Home And Netrajyoti Eyecare Centre - Mumbai,,,0
HOS_580,Hospital,Manish Nursing Home,19.1853044,72.8470214,0
HOS_581,Hospital,Manorama Hospital,,,0
HOS_582,Hospital,Navkar Child Care Centre and Nursing Home,19.1843832,72.8362572,0
HOS_583,Hospital,Neelam Nursing Home (Lenest) - Malad (W),19.2254953,72.8544636,0
HOS_584,Hospital,Neon Critical Care,19.2019275,72.8190866,0
HOS_585,Hospital,New Hope Fertility andIvf Center,,,0
HOS_586,Hospital,Nirman Diagnostic Imaging Centre,19.1827551,72.8401539,0
HOS_587,Hospital,Puranik Hospital,19.1878099,72.845366,0
HOS_588,Hospital,Rahul Eye Clinic,19.13654,72.847579,0
HOS_589,Hospital,Rajathani Seva Samiti,19.1827551,72.8401539,0
HOS_590,Hospital,Riddhi Vinayak Critical Care And Cardiac Centre - Mumbai,,,0
HOS_591,Hospital,Royal Health Care Pvt Ltd,,,0
HOS_592,Hospital,"Sahu Eye Hospital Branch Of Kamal Netralaya Pvt. Ltd.,",,,0
HOS_593,Hospital,Saraogi Maternity and General Hospital,19.1897322,72.8460784,0
HOS_594,Hospital,Saraswati Hospital,,,0
HOS_595,Hospital,Shah Fracture-Orthopaedic Hospital,,,0
HOS_596,Hospital,Shree Surgical and Maternity Nursing Home,,,0
HOS_597,Hospital,Shreeji Eye Clinic Phako Surgery Centre,,,0
HOS_598,Hospital,Suburban Diagnostics India Pvt Ltd,,,0
HOS_599,Hospital,Sunflowar Laboratory and Diagnostic Centre,19.1827551,72.8401539,0
HOS_600,Hospital,Surana Hospital And Research Centre,19.1980732,72.8426229,0
HOS_601,Hospital,The Healthcare and Diagnostic Center,,,0
HOS_602,Hospital,The Laser Vision Centre,,,0
HOS_603,Hospital,Vardhaman Iccu And Nursing Home,,,0
HOS_604,Hospital,Vinayak Maternity and General Hospital,19.1827551,72.8401539,0
HOS_605,Hospital,Yogi Eyecare Clinic,,,0
HOS_606,Hospital,Zenith Hospital,,,0
HOS_607,Hospital,Clear Vision Eye Center,19.0781122,72.8319933,0
HOS_608,Hospital,Dhanshri Hospital,19.2222802,72.8544895,0
HOS_609,Hospital,Doshi Maternity Nursing Home,,,0
HOS_610,Hospital,Dr Baliga Nursing Home,19.164269,72.8454471,0
HOS_611,Hospital,"Dr Shah""S Eye and Laser Center",,,0
HOS_612,Hospital,Jain Hospital and Medical Research Center,19.0759837,72.8776559,0
HOS_613,Hospital,Jhanvi Nursing Home and Iccu,,,0
HOS_614,Hospital,Kolekar Hospiatl,19.0599156,72.9011119,0
HOS_615,Hospital,Om Gangagiri Hospital,,,0
HOS_616,Hospital,Omkar Eye Care Center,19.171536,72.9528553,0
HOS_617,Hospital,Pratik Hospital and Maternity Home,19.1998211,72.842594,0
HOS_618,Hospital,Sai Sanjivani Criticare Hospital,,,0
HOS_619,Hospital,Saibaba Hospital and Polyclinic,,,0
HOS_620,Hospital,Shaha Children Hospital,,,0
HOS_623,Hospital,Anand Nursing Home - Borivali (E),19.2240612,72.8666469,0
HOS_624,Hospital,"Ankit Fracture, Maternity and Surgical Hospital",19.2240612,72.8666469,0
HOS_625,Hospital,Asian Eye Institute And Laser Centre,19.2318937,72.8586904,0
HOS_626,Hospital,Crystal Hospitals,19.2240612,72.8666469,0
HOS_627,Hospital,"Dr Parikhs Maternity, Gynaec, and General Hospital",19.2229268,72.8574421,0
HOS_628,Hospital,"Dr. Mehta,S Maternity Home",19.0759837,72.8776559,0
HOS_629,Hospital,Elite Hospital - Mumbai - Borivali (W),,,0
HOS_630,Hospital,Mohit Hospital and Heart Centre,19.234019,72.8643053,0
HOS_631,Hospital,Mukti Nursing Home,19.0759837,72.8776559,0
HOS_632,Hospital,Narendra Hospital,19.0759837,72.8776559,0
HOS_633,Hospital,"National Hospital, Borivli",,,0
HOS_634,Hospital,Navjeevan Global Heart Centre,19.2224441,72.8600404,0
HOS_635,Hospital,Nirmay Mother Care Centre,19.2219048,72.842968,0
HOS_636,Hospital,Parijat Child Health Clinic,19.2559121,72.8749632,0
HOS_637,Hospital,Parmar Hospital,19.2300126,72.8619097,0
HOS_638,Hospital,Purnima Hospital,19.2360202,72.8606066,0
HOS_639,Hospital,Qualitas Diagnostics Center,19.2240612,72.8666469,0
HOS_640,Hospital,Raj Jyoti Heart Hospital,,,0
HOS_641,Hospital,Ratika Hospital and Research Centre,19.2240612,72.8666469,0
HOS_642,Hospital,Riddhi Eye Clinic,19.2240612,72.8666469,0
HOS_643,Hospital,Robindra Nursing Home,19.2240612,72.8666469,0
HOS_644,Hospital,Roshni Eye Clinic,19.2277398,72.8594058,0
HOS_645,Hospital,Saurin Hospital,,,0
HOS_646,Hospital,Shivam Eye Care Centre,19.2240612,72.8666469,0
HOS_647,Hospital,Shree Krishna Hospital,19.2371877,72.8441358,0
HOS_648,Hospital,Shri K V O Jain Manav Seva Kendra Navneet Hospital,19.2240612,72.8666469,0
HOS_649,Hospital,Sumeet Nursing Home,19.0759837,72.8776559,0
HOS_650,Hospital,Utkarsh Nursing Home,19.2248364,72.8566481,0
HOS_651,Hospital,Aditya Eye Clinic,,,0
HOS_652,Hospital,Akshar Eye Clinic,19.1998211,72.842594,0
HOS_653,Hospital,Anand Nursing Home,,,0
HOS_654,Hospital,Ankur Hospital,,,0
HOS_655,Hospital,Arya Womens Health Care Centre Surgical And Maternity Home,,,0
HOS_656,Hospital,Bhatia Maternity and Ivf Centre,19.1980732,72.8426229,0
HOS_657,Hospital,Cocoon Lyfcare,,,0
HOS_658,Hospital,Dr Reena Mokal Nursing Home and Polyclinic,19.2153192,72.8152087,0
HOS_659,Hospital,Dr. Vora`S Premature Critical Care and General Hospital,19.2077867,72.8423686,0
HOS_660,Hospital,Dwarkesh Nursing Home,,,0
HOS_661,Hospital,Gayatri Maternity and Gynaec Clinic,19.2100454,72.8183494,0
HOS_662,Hospital,Grace Maternity and Nursing Home - Kandivli (W),19.2064817,72.8384842,0
HOS_663,Hospital,Gyatri Maternity and Gynaec Clinc,19.2100454,72.8183494,0
HOS_664,Hospital,Hi-Tech Urology Centre,,,0
HOS_665,Hospital,Jay Maternity and Nursing Home,,,0
HOS_666,Hospital,Jaydeep Eye and Physiotherapy Clinic - Kandivli,19.0759837,72.8776559,0
HOS_667,Hospital,Jobanputra Nursing Home,19.206912,72.850038,0
HOS_668,Hospital,Kanchanganga Polyclinic and Nursing H0Me,19.0759837,72.8776559,0
HOS_669,Hospital,Khm Medical Centre Shree Kandivli Hitwardhak Mandal Kandivali,,,0
HOS_671,Hospital,Kshar Eye Clinic,,,0
HOS_672,Hospital,"Matushree Maternity, Surgical and General Nursing Home",,,0
HOS_673,Hospital,Medicenter Nursing Home,19.0759837,72.8776559,0
HOS_674,Hospital,Mediheights Health Care Foundation,,,0
HOS_675,Hospital,Mediheights Shreeji Healthcare Hospitals Private Limited,,,0
HOS_676,Hospital,Nidhi Nursing Home and Iccu,19.2063004,72.841578,0
HOS_677,Hospital,Paarth Hospital,19.1998211,72.842594,0
HOS_678,Hospital,Panorama Eye Clinic Superspeciality Eye Care,19.206847,72.8443572,0
HOS_679,Hospital,Paras Nuriing Home,,,0
HOS_680,Hospital,Parvatibai Chavan Charitable Trust - Kandivli,19.0759837,72.8776559,0
HOS_681,Hospital,Raichura Prasuti Gruha,19.0759837,72.8776559,0
HOS_682,Hospital,Sai Pratik Surgical Clinic - Kandivli (W),,,0
HOS_683,Hospital,Sai Vilayatrai Charitable Polyclinc,19.2019348,72.8446558,0
HOS_684,Hospital,Saraswati Hospital(Kandivali),19.1998211,72.842594,0
HOS_685,Hospital,Shah Surgical Hospital and Maternity Home P. Ltd.,19.2039462,72.8492897,0
HOS_686,Hospital,Shakuntala Bhatia Maternity and Gen Hospital,,,0
HOS_687,Hospital,Shivam Nursing Home,19.0759837,72.8776559,0
HOS_688,Hospital,Shree Krishna Hospital - Kandivali,19.1936411,72.8435167,0
HOS_689,Hospital,Shree Nagesh Childrens Hospital,19.2177774,72.8301306,0
HOS_690,Hospital,Sumangal Hospital,19.1998211,72.842594,0
HOS_691,Hospital,Swapneel Nursing Home,19.0759837,72.8776559,0
HOS_692,Hospital,Vinayak Nursing Home`,19.2050369,72.8389113,0
HOS_693,Hospital,Vrindavan Nursing Home,,,0
HOS_694,Hospital,Abhinav Sushrut Hospital,19.2540545,72.8620298,0
HOS_695,Hospital,Akshit Maternity Home,19.2542542,72.8646698,0
HOS_697,Hospital,Arihant Eye Care Centre,,,0
HOS_698,Hospital,Ashirwad Maternity and Nursing Home - Dahisar,19.2539332,72.8672448,0
HOS_699,Hospital,Balaji Polyclinic and Criticare Centre,19.2406676,72.8685001,0
HOS_700,Hospital,Dr Ajay Shah Pathology,19.2539332,72.8672448,0
HOS_701,Hospital,Dr Mandar Pandit Clinic,19.2530795,72.8575571,0
HOS_702,Hospital,Dr Worlikar's Shree Surgical and General Nursing Home,19.2539332,72.8672448,0
HOS_703,Hospital,Dr. M. L Dhawale Memorial Trust,19.2512619,72.8601956,0
HOS_704,Hospital,Dr.Nikams Eye Care And Laser Centre,19.2511357,72.8575344,0
HOS_705,Hospital,Jai Ambe Poly Clinic Nursing Home and Maternity Hosp,19.2539332,72.8672448,0
HOS_706,Hospital,Kk Maternity And General Hospital,19.2467802,72.8610276,0
HOS_707,Hospital,"Life Line Hospital - Dahisar,Mumbai",19.2539332,72.8672448,0
HOS_708,Hospital,Namitha Polyclinic and Hospital,19.2539332,72.8672448,0
HOS_709,Hospital,Navdurga Fracture And Accident Centre,19.2539332,72.8672448,0
HOS_710,Hospital,Navjeevan Urology and Stone Care Centre,19.1551485,72.8678551,0
HOS_711,Hospital,Navneet Hi-Tech,19.2539332,72.8672448,0
HOS_712,Hospital,Rohit Nursing Home - Dahisar,19.2515368,72.8637467,0
HOS_713,Hospital,Sanghavi Eye and Diabetes Care Center,19.2539332,72.8672448,0
HOS_714,Hospital,Sanjivani Hospital,,,0
HOS_715,Hospital,Shri K.V.O.Jain Manav Seva Kendra Navneet High -Te,19.255128,72.8568499,0
HOS_716,Hospital,Sukhsagar Hospital,19.2564386,72.8546344,0
HOS_717,Hospital,Total Woman Medical Centre - Dahisar,19.243804,72.865917,0
HOS_718,Hospital,Vdurga Fracture And Accident Centre,19.2539332,72.8672448,0
HOS_719,Hospital,Vijay Polyclinic and Care Centre,19.2539332,72.8672448,0
HOS_720,Hospital,Vishwanath Hospital,19.2434168,72.8671305,0
HOS_721,Hospital,Amardeep Nursing Home,,,0
HOS_722,Hospital,Carewell Nursing Home,19.1123849,72.8669884,0
HOS_723,Hospital,Dr. M.C.Desai Eye Clinic and Microsurgury Eye Centre,19.1188585,72.8802146,0
HOS_724,Hospital,E N T Clinic and Deafness Center,19.1154908,72.8726952,0
HOS_725,Hospital,Jain Nursing Home,19.1211714,72.853548,0
HOS_726,Hospital,Kripa Eye Clinic,19.1088116,72.8560975,0
HOS_727,Hospital,Laxmi Mirat Eye Clinic And Day Care Centre,19.109114,72.8575199,0
HOS_728,Hospital,M.M.Hospital,19.2371877,72.8441358,0
HOS_729,Hospital,Mahesh Hospital,,,0
HOS_730,Hospital,Mangala Nursing Home,19.1154908,72.8726952,0
HOS_731,Hospital,"Parvish Nursing Home Pvt Ltd, Mumbai",,,0
HOS_732,Hospital,Patel Nursing Home  Andheri (E),19.1154908,72.8726952,0
HOS_733,Hospital,Raj Nursing Home,,,0
HOS_734,Hospital,Sadanand Danait Hospital,19.1097442,72.8484128,0
HOS_735,Hospital,Saheli Clinic,19.1154908,72.8726952,0
HOS_736,Hospital,Sanjeevani Hospital,19.1009869,72.8651933,0
HOS_737,Hospital,Satyam Hospital,,,0
HOS_738,Hospital,Shakuntala Memorial Surgical Childerns and General Hospital,19.1269161,72.8670933,0
HOS_739,Hospital,Tripura Nursing Home,19.1154908,72.8726952,0
HOS_740,Hospital,City Hospital And Reserch Centre,19.0754649,72.8770505,0
HOS_741,Hospital,Dr .Desais Nursing Home,19.0625228,72.8829242,0
HOS_742,Hospital,Dr A Tungekars Hospital (Uran),18.8797841,72.9398358,0
HOS_743,Hospital,Dr Patvas Sushila Hospital Icu and Maternity,,,0
HOS_744,Hospital,Dr Shehnaz Shaikh Clinic,19.0707532,72.8781322,0
HOS_745,Hospital,Fauziya Hospital,,,0
HOS_746,Hospital,Hamidani Laser Vision Centre,19.0707532,72.8781322,0
HOS_747,Hospital,Kohinoor Hospital,19.0822947,72.8950556,0
HOS_748,Hospital,Neelam Nursing Home and Iccu,,,0
HOS_749,Hospital,Royal Nursing Home,,,0
HOS_750,Hospital,Sharada Nursing Home.,,,0
HOS_751,Hospital,Shrushti Clinic and Microsurgery Centre,19.0759837,72.8776559,0
HOS_752,Hospital,Sunder Childrens Nursing Home,19.0707532,72.8781322,0
HOS_753,Hospital,Suraj Clinic,,,0
HOS_754,Hospital,Sushila Hospital-Icu and Maternity,,,0
HOS_755,Hospital,V Care Hospital and Icu,,,0
HOS_756,Hospital,Well Care Nursing Home,,,0
HOS_757,Hospital,Aditya Health Care,19.0327996,72.8963568,0
HOS_758,Hospital,Ashirwad Hospital and Polyclinic,19.0506517,72.9103754,0
HOS_759,Hospital,Bhatti Eye Clinic,19.0453626,72.9115246,0
HOS_760,Hospital,Day Care Eye Clinic(Dr.S.V.Sharma Eye Clini),19.0825013,72.8387327,0
HOS_761,Hospital,Daycare Angels,19.0552812,72.8892082,0
HOS_762,Hospital,Diamond Polyclinic and Nursing Home,19.0327996,72.8963568,0
HOS_763,Hospital,Disha Polyclinic and Nursing Home,19.0327996,72.8963568,0
HOS_765,Hospital,Dr Kedares Maternity and General Nursing Home,19.0604892,72.898177,0
HOS_766,Hospital,Dr Mekhales Dhanvantari Hospital,19.0585864,72.9078832,0
HOS_767,Hospital,Dr Smita Mukherjees Eye Clinic,19.0327996,72.8963568,0
HOS_768,Hospital,Dr Suresh C Anand Clinic,19.05161,72.8911931,0
HOS_769,Hospital,Dr. Amins Clinic,18.9243376,72.8239698,0
HOS_770,Hospital,Dr. Das Hospital - Chembur (Mumbai),19.0327996,72.8963568,0
HOS_771,Hospital,Dr. Sanjay Sonars Laproscopy and Scopy Centre,19.0327996,72.8963568,0
HOS_772,Hospital,Dr. Shubha Rao,19.0327996,72.8963568,0
HOS_773,Hospital,Excel Urology Centre,19.0327996,72.8963568,0
HOS_774,Hospital,Hegde Hospital Surgical and Maternity Nursing Home,19.0327996,72.8963568,0
HOS_775,Hospital,Icon Hospital and Research Centre,19.0327996,72.8963568,0
HOS_776,Hospital,Joy Hospital Pvt. Ltd.,,,0
HOS_777,Hospital,Kamran Nursing Home,18.9722585,72.8311737,0
HOS_778,Hospital,Kolekar Nursing Home,19.0593495,72.9068556,0
HOS_779,Hospital,L.C.Maneks Polyclinic and Nursing Home,,,0
HOS_780,Hospital,Laproscopy and Scopy Center,19.0327996,72.8963568,0
HOS_781,Hospital,Laxmi Maternity Home,19.0327996,72.8963568,0
HOS_782,Hospital,Lc Manek's Polyclinic And Nursing Home,19.0327996,72.8963568,0
HOS_783,Hospital,Lion Vithal Kalgutkar Medical Centre,19.0327996,72.8963568,0
HOS_784,Hospital,Mandakini Nuclear Imaging Centre,19.0552812,72.8892082,0
HOS_785,Hospital,Mangal Anand Hospital,19.0533749,72.897061,0
HOS_786,Hospital,Narurkar Ent Hospital,19.0539989,72.9053186,0
HOS_787,Hospital,Navnit Clinic (Dr. Parihar Eye and Ent,19.0327996,72.8963568,0
HOS_788,Hospital,Neurogen Brain And Spine Institute,19.0536352,72.8851743,0
HOS_789,Hospital,Niramaya General Hospital,19.0327996,72.8963568,0
HOS_791,Hospital,Patankar Hand and Limb Reconstruction Clinic,19.0327996,72.8963568,0
HOS_792,Hospital,Rushabh Nursing Home and Eye Hospital,19.059862,72.9005605,0
HOS_793,Hospital,Sai Kripa Childrens Hospital,18.9626907,72.8129124,0
HOS_794,Hospital,Shree Chembur Jain Medical Relief Centre,19.0327996,72.8963568,0
HOS_795,Hospital,Sitla Hospital,19.0521897,72.8915977,0
HOS_796,Hospital,Sumitra Eye Clinic,19.0327996,72.8963568,0
HOS_797,Hospital,Sunny Childrens Hospital,,,0
HOS_798,Hospital,Surendra Nursing Home,,,0
HOS_799,Hospital,Swastik Hospital and Research Centre,19.0552812,72.8892082,0
HOS_800,Hospital,Tandon Hospital,19.058879,72.900615,0
HOS_801,Hospital,Varsha Gandre Parekh Maternity and Surgical Hospital,19.0573721,72.8981332,0
HOS_802,Hospital,Yash Eye Care And Polyclinic,19.0327996,72.8963568,0
HOS_803,Hospital,Abhay Nursing Home,19.1044022,72.8872491,0
HOS_804,Hospital,Ashirwad Children And Surgical Hospital,19.10648,72.88773,0
HOS_805,Hospital,Balaji Specility Hospital,,,0
HOS_806,Hospital,Dr Priyanka Nursing Pvt Ltd,19.0759837,72.8776559,0
HOS_807,Hospital,J.P Hospital,19.1245594,72.852967,0
HOS_808,Hospital,S B Nursing Home and Icu,19.1196773,72.9050809,0
HOS_809,Hospital,Sindhu Maternity and Surgical Home,,,0
HOS_810,Hospital,Turfiya Hospital and Icu,19.1281781,72.8876327,0
HOS_811,Hospital,Dr. Shalini Jaisinghani Dental Surgeon - Chembur,19.0327996,72.8963568,0
HOS_812,Hospital,Dr.Bhute Nursing Home,19.0208354,72.904425,0
HOS_813,Hospital,Inlaks General Hospital,19.0464362,72.8946608,0
HOS_814,Hospital,Nayak Medicare - Chembur,19.0327996,72.8963568,0
HOS_815,Hospital,Sai Baba Hospital,19.0208354,72.904425,0
HOS_816,Hospital,Shiv Polyclinic and Nursing Home,19.0327996,72.8963568,0
HOS_817,Hospital,Spectrum Eye Care,,,0
HOS_818,Hospital,Universal Eye Clinic and Surgical Centre,,,0
HOS_819,Hospital,Dr. L.H. Hiranandani Hospital,19.1374852,72.917394,0
HOS_820,Hospital,Padmalaya Maternity and Surgical Home,19.1196773,72.9050809,0
HOS_821,Hospital,Powai Polyclinic and Hospital,19.1254172,72.9170023,0
HOS_823,Hospital,Sri Sai Eye Care Centre,19.1196773,72.9050809,0
HOS_824,Hospital,Aakar Ivf-Icsi Centre,19.0792247,72.9057813,0
HOS_825,Hospital,Advanced Orthopaedic and Super Speciality Center,19.0796375,72.9070116,0
HOS_826,Hospital,Ami Drashti Eye Care Centre,19.0796375,72.9070116,0
HOS_827,Hospital,Asha Polyclinic and Sheetal Nursing Home,19.0796375,72.9070116,0
HOS_828,Hospital,Ashirwad Heart Hospital,19.0762268,72.9055233,0
HOS_829,Hospital,"Ashwini Maternity and Surgical Hospital,Ghatkopar(E)",19.0940687,72.9000241,0
HOS_830,Hospital,Bakul Parekh Children's Hospital,19.0791965,72.9037124,0
HOS_831,Hospital,Cg Eye Foundaton and Shree Ghatkopar Brahman Samaj,19.07907,72.907976,0
HOS_832,Hospital,Dewang Nursing Home Pvt. Ltd.,19.0796375,72.9070116,0
HOS_833,Hospital,Dr Mehta Nursing Home,19.0757557,72.9081922,0
HOS_834,Hospital,Dr Walavalkars Nursing Home,19.0796375,72.9070116,0
HOS_835,Hospital,Dr. Dipak Desai's Ear Nose And Throat Hospital,19.0820978,72.9067817,0
HOS_836,Hospital,Dr. Prakash Doshis Fracture and Orthopaedic Nursing Home - Ghatkopar,19.0796375,72.9070116,0
HOS_837,Hospital,Dr. Walawalkars Nursing Home,19.0796375,72.9070116,0
HOS_838,Hospital,Dr.Amrish Mehta Diagnostic Centre,19.0792247,72.9057813,0
HOS_839,Hospital,Dr.Trivedi's Maternity and Nursing Home,19.0792247,72.9057813,0
HOS_840,Hospital,Excel Ent Hospital,19.0796375,72.9070116,0
HOS_841,Hospital,Eye Essential Hospital,,,0
HOS_842,Hospital,Hiren Mehta Eye Care Centre,19.0796375,72.9070116,0
HOS_843,Hospital,Jack-N-Jill Nursing Hoe - Ghatkopar -Mumbai,19.0757557,72.9081922,0
HOS_844,Hospital,Jain Eye Clinic,19.0796375,72.9070116,0
HOS_845,Hospital,Kamdar Nursing Home and Polyclinic Pvt. Ltd.,19.0792247,72.9057813,0
HOS_846,Hospital,Khushal Hospital And Maternity Home,,,0
HOS_847,Hospital,L V Prasad Eye Institute Collaborating Center,19.0791764,72.9018877,0
HOS_848,Hospital,Lotus Ent Hospital,19.0796375,72.9070116,0
HOS_849,Hospital,Malati Maternity Hospital,19.0751377,72.9091436,0
HOS_850,Hospital,Mandakini Ctscan Centre,19.0813907,73.0004906,0
HOS_851,Hospital,Mansu Maternity Home,19.0759837,72.8776559,0
HOS_852,Hospital,Mehta Eye Clinic Pvt Ltd,,,0
HOS_853,Hospital,National Inst. Of Endoscopic Surgery,19.0796375,72.9070116,0
HOS_854,Hospital,Nayan Eye Centre,19.0770917,72.9080971,0
HOS_855,Hospital,Parakh Hospital And Research Centre - Ghatkopar,19.07907,72.907976,0
HOS_856,Hospital,Parekh Eye Clinic and Child Clinic,19.0796375,72.9070116,0
HOS_857,Hospital,Sanghavi Laboratory,19.0792247,72.9057813,0
HOS_859,Hospital,Sushrut Hospital and Research Center,19.0552812,72.8892082,0
HOS_860,Hospital,Tara Neo Surg Hospital,19.0796375,72.9070116,0
HOS_861,Hospital,The Eye Super Specialities,19.0796375,72.9070116,0
HOS_862,Hospital,Vatsal Nicu and Childrens Hospital,19.0796375,72.9070116,0
HOS_863,Hospital,Amruta Maternity and Surgical Nursing Home,19.1509879,72.9315251,0
HOS_864,Hospital,Diamond Maternity and General Hospital,19.1515624,72.9435765,0
HOS_865,Hospital,Dr Bothra's Hospital,19.1509879,72.9315251,0
HOS_866,Hospital,Dr Mahajan Hospital and Industrial Trauma Center,19.1425582,73.0120312,0
HOS_867,Hospital,Dr Patanis Eye Clinic,19.1509879,72.9315251,0
HOS_868,Hospital,Dr. Bhatias Ruby Hospital - Bhandup - Mumbai,19.1462082,72.9272317,0
HOS_869,Hospital,Dr. Kolhes Eye Clinic - Bhandup,19.1509879,72.9315251,0
HOS_870,Hospital,Dr. Malwankar's Romeen Nursing Home,19.1509879,72.9315251,0
HOS_871,Hospital,Dr. Thakurs Ear Nose Throat Clinic And Hospital - Bhandup (W) Mumbai,19.1470738,72.9389442,0
HOS_872,Hospital,Dr.Badwaiks Maternity and General Hospital,19.1424376,72.9327673,0
HOS_873,Hospital,Dr.Bhatia's Ruby Hospital,,,0
HOS_874,Hospital,Dr.Bothras Hospital,19.1509879,72.9315251,0
HOS_875,Hospital,Eye and I Dr.Kolhe's Eye Clinic,19.1462749,72.9353872,0
HOS_876,Hospital,Gaurav Maternity and Surgical Hospital,19.1509879,72.9315251,0
HOS_877,Hospital,I and Eye Dr Kolhes Eye Clinic,19.1462749,72.9353872,0
HOS_878,Hospital,J. K. Child Health Care and Nicu,19.144698,72.9368292,0
HOS_879,Hospital,Krishna Nursing Home,19.1507653,72.9372688,0
HOS_880,Hospital,Lotus Multispeciality Hospital,19.1531246,72.9411365,0
HOS_881,Hospital,M.S.Maternity and General Hospital,19.1474511,72.9299079,0
HOS_882,Hospital,Maauli Hospital,19.1509879,72.9315251,0
HOS_883,Hospital,Madhu Polyclinic and Nursing Home,19.1509879,72.9315251,0
HOS_884,Hospital,Mahek Nursing Home,19.1493933,72.9326121,0
HOS_885,Hospital,Nadkarni Eye Care Centres,19.1505614,72.936863,0
HOS_886,Hospital,Netramani Chikitsalay,19.1509879,72.9315251,0
HOS_887,Hospital,Omkar Hospital,19.1507653,72.9372688,0
HOS_888,Hospital,Rathod Nursing Home and Iccu,19.1509879,72.9315251,0
HOS_889,Hospital,Romeen Nursing Home,,,0
HOS_890,Hospital,Saarthi Hospital,19.1468364,72.9337875,0
HOS_891,Hospital,Sai Sparsh Hospital and Iccu,,,0
HOS_892,Hospital,Sanjeevan Nursing Home and Iccu,19.1509879,72.9315251,0
HOS_893,Hospital,Sankeshi Bharat,19.1509879,72.9315251,0
HOS_894,Hospital,Sas Health Care Pvt. Limited,19.147626,72.9294528,0
HOS_895,Hospital,Saubhagya Hospital,19.1509879,72.9315251,0
HOS_896,Hospital,Setty's Endoscopic Surgical Centre,19.1473592,72.9318038,0
HOS_897,Hospital,Shah Children Hospital And Newborn Care Centre,19.1509879,72.9315251,0
HOS_898,Hospital,Shanti Maternity Clinic,19.1509879,72.9315251,0
HOS_899,Hospital,Shri Bal Chikitsalaya,19.1509879,72.9315251,0
HOS_900,Hospital,Srushti Orthotech Hospital,,,0
HOS_901,Hospital,Sulochan Eye,19.1509879,72.9315251,0
HOS_902,Hospital,Samarth Hospital,19.1067711,72.9225416,0
HOS_903,Hospital,Aarogya Health Care,,,0
HOS_904,Hospital,Abhinav Kidney Dialysis And Health Centre - Mulund,19.1725542,72.942537,0
HOS_905,Hospital,Aditi Hospital Accident Fracture and Surgical Clinic,19.1725542,72.942537,0
HOS_906,Hospital,Anjali Maternity And Surgical Hospital - Mulund,,,0
HOS_907,Hospital,Anmmol Orthovision,19.186169,72.9469977,0
HOS_908,Hospital,Aparna Hospital,19.0959087,72.8553466,0
HOS_909,Hospital,Apex Kidney Care (Dialysisnetworks),19.1725542,72.942537,0
HOS_910,Hospital,Arogya Health Care,19.1791186,72.9498535,0
HOS_911,Hospital,Ashirwad Critical Care Unit,19.1758053,72.9476017,0
HOS_912,Hospital,Ashwini Hospital and I. C. C. U.,19.1725542,72.942537,0
HOS_913,Hospital,Cancer Care,19.1565109,72.9637728,0
HOS_914,Hospital,Chetna Critical Care Unit,19.1745575,72.9526923,0
HOS_915,Hospital,Daxini Heart Centre,19.1761159,72.9517295,0
HOS_916,Hospital,Devkunj Charitablr Trust Matushri Mankbai Nagji Sa,19.1725542,72.942537,0
HOS_917,Hospital,Dhanwantary Hospital and Iccu,,,0
HOS_918,Hospital,Dr Shettys E N T Hospital,19.1725542,72.942537,0
HOS_919,Hospital,Dr. Khona E N T Hospital,19.1725542,72.942537,0
HOS_920,Hospital,Dr. Mukhis Raj Hospital,19.1758053,72.9476017,0
HOS_921,Hospital,Dr. R.J. Ganatra's Nursing Home,19.2375183,72.8548501,0
HOS_922,Hospital,Dr. Simandhars Eye Care Centre,19.1725542,72.942537,0
HOS_923,Hospital,Dr.Redkar's Maternity and Nursing Home,19.1822352,72.9468948,0
HOS_924,Hospital,Drishti Eye Care Centre,19.1734608,72.9535574,0
HOS_925,Hospital,Holy Trinity Hospital,19.1674543,72.9512289,0
HOS_926,Hospital,Indira Nursing Home,19.1725542,72.942537,0
HOS_927,Hospital,Jas-Raj Hospital,19.1753538,72.9528652,0
HOS_928,Hospital,Joshi Surgical Hospital,19.1822352,72.9468948,0
HOS_929,Hospital,Lakshmi Nursing Home,19.1672624,72.9506072,0
HOS_930,Hospital,Lav-Kush Nursing Home,19.1565109,72.9637728,0
HOS_931,Hospital,Mahavir Orthopaedic and General Hospital - Mulund (W),19.1725542,72.942537,0
HOS_932,Hospital,Mehera Ambe Nursing Home,19.1725542,72.942537,0
HOS_933,Hospital,Mission Nephro-Uro Pvt Ltd,19.1753134,72.9532236,0
HOS_934,Hospital,Nav Drishti Netralaya,19.1725542,72.942537,0
HOS_935,Hospital,Netra Jyot Eye Care Centre,19.2040597,72.9691583,0
HOS_936,Hospital,Nulife Hospital Pvt. Ltd.,,,0
HOS_937,Hospital,Orthocare and Ria Nursing Home,19.1793036,72.9563451,0
HOS_938,Hospital,Padmashree Nursing Home (Mulund),19.1747331,72.9419373,0
HOS_939,Hospital,Pooja Nursing Home Pvt. Ltd.,19.1672312,72.9504364,0
HOS_940,Hospital,Prasad Surgical and Children Nursing Home,19.1761159,72.9517295,0
HOS_941,Hospital,Prasanna Aarogya Health Care,19.1725542,72.942537,0
HOS_942,Hospital,Raj Hospital Mumbai,19.1725542,72.942537,0
HOS_943,Hospital,Rpm Aarogya Hospital Private Limited (Chetna Critical Care Unit and Spt Hosp),19.1734608,72.9535574,0
HOS_944,Hospital,Saarthi Health Care,19.1725542,72.942537,0
HOS_945,Hospital,Samarth Maternity And Nursing Home,,,0
HOS_946,Hospital,Sanjay Eye Clinic,19.1725542,72.942537,0
HOS_947,Hospital,Sarthi Health Care,19.1725542,72.942537,0
HOS_948,Hospital,Shettys Endoscopic Surgical Center,19.1721433,72.9504824,0
HOS_949,Hospital,Shivaani Mother and Child Care Hospital,19.0759837,72.8776559,0
HOS_950,Hospital,Shraddha Polyclinic and Nursing Home-Mulund-Mumbai,19.1725542,72.942537,0
HOS_951,Hospital,Shree Pragati Foundation's Hira Mongi Navneet Hospital,,,0
HOS_952,Hospital,Shree Ram Eye Care Centre,19.1557098,72.9524625,0
HOS_953,Hospital,Shree Sai Maternity and Surgical Nursing Home,19.1641019,72.9453184,0
HOS_954,Hospital,Surya Eye Institute and Research Centre Pvt Ltd,19.1725542,72.942537,0
HOS_955,Hospital,Suyog Hospital and Iccu,,,0
HOS_956,Hospital,Swastika Nursing Home,19.0351003,72.8591851,0
HOS_957,Hospital,Upasani Maternity and Surgical Nursing Home,19.1725542,72.942537,0
HOS_958,Hospital,Veena Nagar Health Care Center and Hospital,19.180878,72.944899,0
HOS_959,Hospital,Vertex Hospital,19.1444557,72.9169635,0
HOS_960,Hospital,Aaditya Netralaya,19.1565109,72.9637728,0
HOS_961,Hospital,Chandraganga Hospital - Mulund,19.1565109,72.9637728,0
HOS_962,Hospital,Dr. Sabnis Maternity and Nursing Home,19.171775,72.9622211,0
HOS_963,Hospital,Gomathi Eye Centre,19.1695051,72.9596346,0
HOS_964,Hospital,International Institute Of Sleep Sciences,19.1735888,72.9566508,0
HOS_965,Hospital,Mahatme  Eye Hospital,19.1695809,72.9579077,0
HOS_966,Hospital,Maher Maternity and Nursing Home,19.1702704,72.958854,0
HOS_967,Hospital,Maruti Nursing Home,19.1695809,72.9579077,0
HOS_968,Hospital,Mulund Nursing Home,19.1565109,72.9637728,0
HOS_969,Hospital,Omkar Surgical and Maternity Home,19.1565109,72.9637728,0
HOS_970,Hospital,R. G. Stone Urological and Research Institute,,,0
HOS_971,Hospital,Saidhanhospital Iccu and Eye Care,19.1565109,72.9637728,0
HOS_972,Hospital,Shushrusha Hospital and Icu,19.1714081,72.9578599,0
HOS_973,Hospital,Aastha Health Care - Mumbai,19.1747331,72.9419373,0
HOS_974,Hospital,Ashirwad Maternity and Nursing Home,19.1711783,72.933681,0
HOS_975,Hospital,Sai Siddhi Hospital,19.1725542,72.942537,0
HOS_976,Hospital,Atul - Lok Hospital,19.1176258,72.9327686,0
HOS_977,Hospital,Godrej Memorial Hospital,19.0966611,72.9239095,0
HOS_978,Hospital,Jan-Seva Charitable Trust`S Sai-Krupa General Hospital,19.1167435,72.937045,0
HOS_979,Hospital,Laxmi Health Care Center and Iccu,19.091182,72.9208636,0
HOS_980,Hospital,Modi General Hospital And Iccu,19.0759837,72.8776559,0
HOS_981,Hospital,Ruby Medical Centre,19.091182,72.9208636,0
HOS_982,Hospital,Shakuntala Nursing Home,19.091182,72.9208636,0
HOS_983,Hospital,Shrinathji Hospital,19.1132913,72.9306159,0
HOS_984,Hospital,Yashwant Hospital,19.091182,72.9208636,0
HOS_985,Hospital,Abhishek Nursing Home,19.07907,72.907976,0
HOS_986,Hospital,Sagar Nursing Home and Icu,19.0908063,72.9076669,0
HOS_987,Hospital,Vivek Maternity And Nursing Home,19.0908063,72.9076669,0
HOS_988,Hospital,Adarsh General and Maternity Nursing Home- Ghatkopar,19.0908063,72.9076669,0
HOS_989,Hospital,Advanced Ent Center,19.0908063,72.9076669,0
HOS_990,Hospital,Amar Jyot Eye Care Centre,19.0908063,72.9076669,0
HOS_991,Hospital,Dalal Hospital,19.0898792,72.908696,0
HOS_992,Hospital,Divya Rekha Eye Hospital,19.0908063,72.9076669,0
HOS_993,Hospital,Dr Sonagra Medical And Surgical Centre,19.0908063,72.9076669,0
HOS_994,Hospital,Dr Sules Vaibhav Polyclinic and Siddharth Nursing Home,19.0908063,72.9076669,0
HOS_995,Hospital,Dr. Bhanushalis Nursingh Home,19.0898504,72.9013911,0
HOS_996,Hospital,Dr. Savlas Polyclinic And Nursing Home - Mumbai,19.0908063,72.9076669,0
HOS_997,Hospital,Dr. Vinod B Joshi Maternity Nursing Home,19.0908063,72.9076669,0
HOS_998,Hospital,Fracture Care Hospital and Dignostic Center,19.0908063,72.9076669,0
HOS_999,Hospital,Furia's Eye Clinic,19.0890786,72.9075341,0
HOS_1000,Hospital,H. J. Doshi Ghatkopar Hindu Sabha Hospital,19.0294825,72.8560871,0
HOS_1001,Hospital,Harilal Jechand Doshi Ghotkopar Hindu Sabha Hospit,19.0860468,72.9080866,0
HOS_1002,Hospital,Jeevan Jyot Hospital,19.1445583,72.9373038,0
HOS_1003,Hospital,Jeevandeep Children Hospital,19.0908063,72.9076669,0
HOS_1004,Hospital,Jivdaya Hospital,19.07907,72.907976,0
HOS_1005,Hospital,Kedia Nursing Home,19.0898792,72.908696,0
HOS_1006,Hospital,Matangi Nursing Home,19.0886373,72.9080266,0
HOS_1007,Hospital,Medico Surgical Clinic And Hospital,19.0879271,72.90482,0
HOS_1008,Hospital,Navnirman Maternity And Surgical Hospital,19.0908063,72.9076669,0
HOS_1009,Hospital,Noble Hospital,19.0898792,72.908696,0
HOS_1010,Hospital,Nulife Hospital,19.0898792,72.908696,0
HOS_1011,Hospital,Psychiatric Clinic and Rehabiliation Centre,19.0898792,72.908696,0
HOS_1012,Hospital,Pushpak Maternity and Nursing Home,19.1029426,72.9117206,0
HOS_1013,Hospital,Sanghavi Eye Clinic,19.0864675,72.9041042,0
HOS_1014,Hospital,Sanjeevani Nursing Home,19.0868475,72.9079402,0
HOS_1015,Hospital,Sapna Health Care Centre Pvt Ltd,19.0898792,72.908696,0
HOS_1016,Hospital,Sarita Eye Clinic,19.0879271,72.90482,0
HOS_1017,Hospital,Shakunntala Maternity and Surgical Home,19.0898792,72.908696,0
HOS_1018,Hospital,Shankutala Maternity and Surgical Home,19.0898792,72.908696,0
HOS_1019,Hospital,Shanti Nursing Home,19.0908063,72.9076669,0
HOS_1020,Hospital,Shradha Heart Hospital,19.0932331,72.9136926,0
HOS_1021,Hospital,Shree Nagher Samaj Sanchalit Hospital,19.0908063,72.9076669,0
HOS_1022,Hospital,Shree Sukh Shanti Hospital,,,0
HOS_1023,Hospital,Suyog Urology Centre,19.0908063,72.9076669,0
HOS_1024,Hospital,Thakur Eye Clinic - Ghatkopar,19.0898792,72.908696,0
HOS_1025,Hospital,Vaibhav Polyclinic and Siddharth Nursing Home,19.0880594,72.905286,0
HOS_1026,Hospital,Vatsalya Maternity and Surgical Nursing Home,19.010738,72.832083,0
HOS_1027,Hospital,Zynova Heartcare Pvt. Ltd. / The Metropolitan Heart Institute And Research Centre,19.0908063,72.9076669,0
HOS_1028,Hospital,Kallash Jeevan Hospital,19.0516874,72.9194798,0
HOS_1029,Hospital,Nova Medical Centres Private Limited,19.0327996,72.8963568,0
HOS_1030,Hospital,Platinum Hospital,,,0
HOS_1031,Hospital,Shraddha Hospital,19.2539332,72.8672448,0
HOS_1032,Hospital,The Bhatti Eye Clinic,,,0
HOS_1033,Hospital,Disha Psychiatric Clinic,19.0327996,72.8963568,0
HOS_1034,Hospital,Dr Chauhans Sanjeevani Hospital,,,0
HOS_1035,Hospital,Dr Indumati Gopinathan Computerised Laboratory,19.0327996,72.8963568,0
HOS_1036,Hospital,Kapoor Eye Center,19.0759837,72.8776559,0
HOS_1037,Hospital,Priya Maternity Home,19.1108713,72.9324731,0
HOS_1038,Hospital,Rane Hospital,19.0327996,72.8963568,0
HOS_1039,Hospital,Rushi Nursing Home,19.0327996,72.8963568,0
HOS_1040,Hospital,Shramik Nursing Home,19.0609237,72.9053059,0
HOS_1041,Hospital,Bhargav Medical Centre,19.2268919,72.8444188,0
HOS_1042,Hospital,Dr. Abhijit Mahadeo Valanju,19.2486286,72.8500441,0
HOS_1043,Hospital,Gourai Maternity and Nursing Home,,,0
HOS_1044,Hospital,Mangal Murti Hospital and Polyclinic - Mumbai,,,0
HOS_1045,Hospital,Rajendra Maternity and Surgical Nursing Home,19.2380341,72.8452546,0
HOS_1046,Hospital,Sailee Hospital and Diagnostic Center,,,0
HOS_1047,Hospital,Aastha Eye Clinic,19.231169,72.8387275,0
HOS_1048,Hospital,Ameya Maternity And Surgical Nursing Home - Borivali,,,0
HOS_1049,Hospital,Anand Medical Centre,19.222312,72.8534365,0
HOS_1050,Hospital,Apex Hospital,,,0
HOS_1051,Hospital,Arihant Eye Care Centre,,,0
HOS_1052,Hospital,Ashirwad Orthopaedic and Surgical Nursing Home,,,0
HOS_1053,Hospital,Ashish Nursing Home..,,,0
HOS_1054,Hospital,Bala Hanuman Hospital,,,0
HOS_1055,Hospital,Bathia Hospital And Eye Clinic,,,0
HOS_1056,Hospital,Belle-Vue General Nursing Home,19.1314413,72.8342384,0
HOS_1057,Hospital,Bhagat Nursing Home,19.235267,72.8607045,0
HOS_1058,Hospital,Bhatia Hospital and Eye Clinic,,,0
HOS_1059,Hospital,Borivli Orthopaedic Clinic - Borivli (W),,,0
HOS_1060,Hospital,Dhanashri Nursing Home and Iccu,19.0759837,72.8776559,0
HOS_1061,Hospital,Divyadrashti Eye Care Centre,,,0
HOS_1062,Hospital,Dr. Alok Shahs Iccu and Nursing Home,19.2375183,72.8548501,0
HOS_1063,Hospital,Dr. Khatavs Mother and Child Hospital - Borivali (Mumbai),,,0
HOS_1064,Hospital,Eye Care Center,,,0
HOS_1065,Hospital,Fracture Care Hospital And Diagnostic Centre,,,0
HOS_1066,Hospital,Gandhi Nursing Home-Borivali-Mumbai,,,0
HOS_1067,Hospital,"Kaustubh Icu, Maternity Nursing Home",19.2505412,72.8506775,0
HOS_1068,Hospital,L H Fortis,19.0759837,72.8776559,0
HOS_1069,Hospital,Lancelot Dialysis Unit,19.2187105,72.8522215,0
HOS_1070,Hospital,Mandapeshwar Hospital and Clinics,,,0
HOS_1071,Hospital,Nanda Nursing Home-Borivli,19.2375183,72.8548501,0
HOS_1072,Hospital,Neoplus Criticare Private Ltd.,19.0759837,72.8776559,0
HOS_1073,Hospital,Netrajyoti Eye Care Centre,,,0
HOS_1074,Hospital,Niramay Mother-Care Centre (Maternity and Surgical),19.2213018,72.8399394,0
HOS_1075,Hospital,Om Sai Super Speciality Hospital Pvt Ltd,,,0
HOS_1076,Hospital,Palkar Polyclinic and Hospital,,,0
HOS_1077,Hospital,Pandya Surgical and Maternity Hospital,19.0759837,72.8776559,0
HOS_1078,Hospital,Patel Nursing Home,19.226821,72.8549865,0
HOS_1079,Hospital,Purohit Hospital - Borivali,,,0
HOS_1080,Hospital,Raj Jyoti Hospital,19.2301995,72.8404511,0
HOS_1081,Hospital,Ranes Anand Medical Centre,,,0
HOS_1082,Hospital,Renuka Children Clinic and Medicare Centre,19.2449206,72.8478044,0
HOS_1083,Hospital,Rhushabh Nursing Home,19.0759837,72.8776559,0
HOS_1084,Hospital,Rose Petal Nursing Home,19.2290453,72.8514375,0
HOS_1085,Hospital,Sai Krupa E.N.T. Nursing Home,,,0
HOS_1086,Hospital,Sai Sparsh Maternity And Nursing Home,,,0
HOS_1087,Hospital,Sanghvi Maternity and Surgical Hospital,19.2172084,72.848035,0
HOS_1088,Hospital,Seth Ent and Eye Clinic,19.2465825,72.8502157,0
HOS_1089,Hospital,Shah Surgical And Maternity Nursing Home,19.219868,72.8524778,0
HOS_1090,Hospital,Shivani Medical Centre,19.223019,72.844611,0
HOS_1091,Hospital,Shree Borivli Gujarati Seva Mandal,19.2262703,72.8519442,0
HOS_1092,Hospital,Shreeji Kripa Surgical Center Icu and Nursing Home,,,0
HOS_1093,Hospital,Shri Bala Hanuman Maternity And Surgical Hospital,,,0
HOS_1094,Hospital,Snehal E N T Clinic,,,0
HOS_1095,Hospital,Sumati Maternity Home and Chhaya Surgical Home - Borivali,,,0
HOS_1096,Hospital,Vaibhav Eye Clinic and Contact Lens Centre-Borivli,19.0759837,72.8776559,0
HOS_1097,Hospital,Varsha Nursing Home(Netra Mandir),,,0
HOS_1098,Hospital,Vasudhan Cosmetic Plastic Surgery Centre,19.2187105,72.8522215,0
HOS_1099,Hospital,Vibha Care Home,,,0
HOS_1100,Hospital,Vinit Eye Clinic Retina And Laser Centre,19.2287365,72.8475542,0
HOS_1101,Hospital,Aditya Nursing Home,19.1542933,72.8381842,0
HOS_1102,Hospital,Dr Phadkes Maternity and Surgical Hospital,,,0
HOS_1103,Hospital,Dr Rays Clinic,19.1370311,72.8700524,0
HOS_1104,Hospital,Dr.Sakhalkars Maternity and Nursing Home - Andheri,19.1229678,72.8641387,0
HOS_1105,Hospital,Holy Spirit Hospital - Mumbai,19.1229678,72.8641387,0
HOS_1106,Hospital,Indu Maternity and Surgical Nursing Home - Andheri,19.1278936,72.8623075,0
HOS_1107,Hospital,Speciality Ranbaxy Ltd,19.1185922,72.872193,0
HOS_1108,Hospital,Sunita Hospital,19.1154908,72.8726952,0
HOS_1109,Hospital,Uma Maternity Nursing Home,19.1229678,72.8641387,0
HOS_1110,Hospital,Dr. Bahls Surgical Maternity and Polyclinic Nursing,19.1963422,72.8105333,0
HOS_1111,Hospital,Shree Ramnath Eye Care,19.109099,72.8557189,0
HOS_1112,Hospital,Aditi Hospital,,,0
HOS_1113,Hospital,Agrawal Clinic,19.1886713,72.8573826,0
HOS_1114,Hospital,Anand Childrens Nursing Home,19.1154908,72.8726952,0
HOS_1115,Hospital,Anandpara Surgical and General Hospital,,,0
HOS_1116,Hospital,Ashoka General Hospital I.C.C.U And Maternity Home,,,0
HOS_1117,Hospital,Datar Nursing Home,,,0
HOS_1118,Hospital,Devangi Hospital,19.1808735,72.8574558,0
HOS_1119,Hospital,Hayat Hospital,,,0
HOS_1120,Hospital,Jeevan Maternity And Genral Hospital,,,0
HOS_1121,Hospital,Kairav Nursing Home,,,0
HOS_1122,Hospital,Krishna Eye Care Centre,19.1834374,72.8533692,0
HOS_1123,Hospital,Malad Clinical and Pathological Laboratory,19.1825133,72.8565805,0
HOS_1124,Hospital,Megha Surgical Hospital,,,0
HOS_1125,Hospital,Nari Nursing Home,,,0
HOS_1126,Hospital,Sai Krupa Hospital,,,0
HOS_1128,Hospital,Sanjeevani Surgical and General Hospital,19.1825133,72.8565805,0
HOS_1129,Hospital,Shah Eye Clinic and Microsurgery Centre,,,0
HOS_1130,Hospital,Shraddha Orthopedic and Surgical Hospital,19.1903411,72.855971,0
HOS_1131,Hospital,Shree Guru Maternity And Childrens Nursing Home - Mumbai,,,0
HOS_1132,Hospital,Suchak Hospital,19.1889023,72.8500318,0
HOS_1133,Hospital,Suresh Eye Clinic,,,0
HOS_1134,Hospital,Suvidha Hospital and Iccu,,,0
HOS_1135,Hospital,Clinic (Dr.Vaishnavi Patil),19.0620527,72.8834355,0
HOS_1136,Hospital,Durga Maternity and Surgical Nursing Home,,,0
HOS_1137,Hospital,Niron Hospital and Research Center,,,0
HOS_1138,Hospital,Prashanti Medical Centre,,,0
HOS_1139,Hospital,Sbf Health,19.1154908,72.8726952,0
HOS_1140,Hospital,Sushrut Nursing Home and Polyclinic,19.113645,72.8697339,0
HOS_1141,Hospital,V-Care Hospital.,19.1154908,72.8726952,0
HOS_1142,Hospital,Veena Clinic,19.1097712,72.8582672,0
HOS_1143,Hospital,Aditi Hospital Poliyclinic,,,0
HOS_1144,Hospital,Arihant Heart Clinic,,,0
HOS_1145,Hospital,Dhiraj Hospital,,,0
HOS_1146,Hospital,Dna Multispeciality Hospital - Mumbai,,,0
HOS_1147,Hospital,Dr. Masurkar Hospital,,,0
HOS_1148,Hospital,Gulmohar Eye Clinic,,,0
HOS_1149,Hospital,Kedar Nursing Home,,,0
HOS_1150,Hospital,Laxmi Clinic - Kandivli - (Mumbai),19.2018029,72.859212,0
HOS_1151,Hospital,Medha Maternity and Nursing Home - Kandivali (E) Mumbai,19.1956904,72.8754354,0
HOS_1152,Hospital,New Life Nursing Home,19.2064722,72.8648413,0
HOS_1153,Hospital,Noble Hospital,,,0
HOS_1154,Hospital,Nupur Nursing Home - Kandivli,19.2594417,72.8635548,0
HOS_1155,Hospital,"Omm Sai Nursing Home - Kandivali, Mumbai",19.2114533,72.8737217,0
HOS_1156,Hospital,Ortho Plus Hospital,,,0
HOS_1157,Hospital,Paramount Ganpati Health Care - Kandivali,19.2114533,72.8737217,0
HOS_1158,Hospital,Saibaba Maternity and Nursing Home,19.2017881,72.856749,0
HOS_1159,Hospital,Sanchaiti Hospital,19.2014495,72.8590491,0
HOS_1160,Hospital,Shree Sai Hospital,,,0
HOS_1161,Hospital,Shreeji Hospital (Kandivli),19.2009337,72.8692653,0
HOS_1162,Hospital,Speciality Ent Hospital,,,0
HOS_1164,Hospital,Vikas Diagnostic Centre,19.2139911,72.8655789,0
HOS_1165,Hospital,Crystal Eye Center,,,0
HOS_1166,Hospital,Dr Shah Piles Clinic,19.0759837,72.8776559,0
HOS_1167,Hospital,Dr Shahs Hospital,,,0
HOS_1168,Hospital,Linkway Nursing Home and Polyclinic,19.1405116,72.8421555,0
HOS_1169,Hospital,Mallika Hospital and Envision Eye Centre,,,0
HOS_1170,Hospital,Mother Care Maternity And Surgical Nursing Home - Mumbai,19.1405116,72.8421555,0
HOS_1172,Hospital,Pooja Nursing Home,19.1405116,72.8421555,0
HOS_1173,Hospital,Pratima Maternity and Surgical Nursing Home,19.1332655,72.84371,0
HOS_1174,Hospital,Shivam Netram Eye Hospital,19.1439388,72.8430671,0
HOS_1175,Hospital,Ameya Orthopaedic Centre,19.2375183,72.8548501,0
HOS_1176,Hospital,Kini Nursing Home,,,0
HOS_1177,Hospital,Netra Mandir,,,0
HOS_1178,Hospital,Sohum Eyecare and Oculoplasty Centre,19.2461644,72.8509056,0
HOS_1179,Hospital,Dr. Bamis Fracture and Hand Clinic - Goregaon,19.1629338,72.839241,0
HOS_1180,Hospital,Pooja Hospital,19.1629338,72.839241,0
HOS_1181,Hospital,"Breach Candy Hospital, Mumbai",18.972711,72.804394,0
HOS_1182,Hospital,Cumbala Hill Hospital and Heart Institute,18.9624555,72.8098026,0
HOS_1183,Hospital,Asian Heart Institute And Research Center,19.06413,72.861656,0
HOS_1184,Hospital,Lilavati Hospital and Research Center,19.0515721,72.8346314,0
HOS_1185,Hospital,Tata Memorial Hospital,19.0041141,72.8426707,0
HOS_1186,Hospital,Bhatia General Hospital,18.9664679,72.8152953,0
HOS_1187,Hospital,Seven Hills Hospital,19.1154908,72.8726952,0
HOS_1188,Hospital,Bombay Hospital And Medical Research Center,18.941002,72.827324,0
HOS_1189,Hospital,P.D.Hinduja National Hospital and Research center,19.0374901,72.8390644,0
HOS_1190,Hospital,Saifee Hospital,18.952508,72.818199,0
HOS_1191,Hospital,"Fortis Hospitals, Mulund",19.1918191,72.8348753,0
HOS_1192,Hospital,Jaslok Hospital And Medical Research Institute,18.9755757,72.8097374,0
HOS_1193,Hospital,Guru Nanak Hospital,,,0
HOS_1194,Hospital,Criticare Multispeciality Hospital and Research Centre,19.1145832,72.8358707,0
HOS_1195,Hospital,Surana Sethia Hospital and Research Centre,19.0536352,72.8851743,0
HOS_1196,Hospital,Balaji Hospital,18.9767706,72.8350652,0
HOS_1197,Hospital,Kokilaben Dhirubhai Ambani Hospital and Medical Research Institute,19.1363246,72.82766,0
HOS_1198,Hospital,Aditya Jyot Eye Hospital,19.0164103,72.855261,0
HOS_1199,Hospital,Shree Bidada Sarvodaya Trust Hospital,19.0021567,72.8415793,0
HOS_1200,Hospital,Bombay City Eye Institute and Research Centre,18.9629992,72.8175748,0
HOS_1201,Hospital,The B.D.Petit Parsee General Hospital,18.9668749,72.805182,0
HOS_1202,Hospital,"Centre For Sight, Juhu",19.1102949,72.8409693,0
HOS_1203,Hospital,Asian Heart Institute,19.0562207,72.8537634,0
HOS_1205,Hospital,"CGHS Dispensary No.2, Pedder Road,",,,0
HOS_1206,Hospital,"CGHS Dispensary No.3, Worli",,,0
HOS_1207,Hospital,"CGHS Dispensary No.4, Mahim Building",,,0
HOS_1208,Hospital,"CGHS Dispensary No.5, Santacruz",19.1034191,72.854365,0
HOS_1209,Hospital,"CGHS Dispensary No.6, Ghatkopar",19.1403981,72.9379362,0
HOS_1210,Hospital,"CGHS Dispensary No.7, Wadala",,,0
HOS_1211,Hospital,"CGHS Dispensary No.8, Koliwada",19.030998,72.862675,0
HOS_1212,Hospital,CGHS Dispensary No.9,,,0
HOS_1213,Hospital,"CGHS Dispensary No.10, Bandra",19.0606917,72.8362497,0
HOS_1214,Hospital,"CGHS Dispensary No.11, Byculla",18.9751131,72.8298837,0
HOS_1215,Hospital,"CGHS Dispensary No.14, Vakola",19.0788783,72.8500307,0
HOS_1216,Hospital,"CGHS Dispensary No.15, Deonar",,,0
HOS_1217,Hospital,"CGHS Dispensary No.16, Matunga",,,0
HOS_1218,Hospital,"CGHS Dispensary No.17, Bhandup",19.149901,72.931134,0
HOS_1219,Hospital,"CGHS Dispensary No., Vikhroli",,,0
HOS_1220,Hospital,"CGHS Dispensary No.19, Mulund",19.1725542,72.942537,0
HOS_1221,Hospital,"CGHS Dispensary No.20, Goregaon",,,0
HOS_1222,Hospital,"CGHS Dispensary No.21, Sahar",19.1015512,72.8631724,0
HOS_1223,Hospital,CGHS Dispensary No.22,,,0
HOS_1224,Hospital,CGHS Dispensary No.23,,,0
HOS_1225,Hospital,"CGHS Dispensary No.24, Kanjurmarg",,,0
HOS_1226,Hospital,"CGHS Dispensary No.25, Jogeshwari",19.1319685,72.8607789,0
HOS_1227,Hospital,"CGHS Dispensary No.26, Seepz",19.1154908,72.8726952,0
HOS_1228,Hospital,"CGHS Sub-Dispensary, Juhu",,,0
HOS_1229,Hospital,CGHS Sub-Dispensary Nepean Sea Road,18.9593271,72.8012627,0
HOS_1230,Hospital,"CGHS Polyclinic, Ballard Estate",,,0
HOS_1231,Hospital,CGHS Polyclinic Koliwada,19.0327797,72.864102,0
HOS_1232,Hospital,Aayush Eye Clinic Microsurgery and Laser Centre,19.0597308,72.8989478,0
HOS_1233,Hospital,Abhishek Nursing Home,19.096654,72.9026801,0
HOS_1234,Hospital,Aditi Hospital,19.2132136,72.8637163,0
HOS_1235,Hospital,Dr.Shyam Agrawal,,,0
HOS_1236,Hospital,Amruta Surgical And Maternity Home,19.0898792,72.908696,0
HOS_1237,Hospital,Apex Hospital,,,51
HOS_1238,Hospital,Dr. L H Hiranandani Hospital,19.1374852,72.917394,0
HOS_1239,Hospital,P D Hinduja National Hospital and Research Centre,19.0374901,72.8390644,0
HOS_1240,Hospital,Godrej Memorial Hospital,19.0966611,72.9239095,0
HOS_1241,Hospital,Holy Spirit Hospital,19.1229678,72.8641387,350
HOS_1242,Hospital,Holy Family Hospital,,,232
HOS_1243,Hospital,Lilavati Hospital and Research Centre,19.0515721,72.8346314,314
HOS_1245,Hospital,Jaslok Hospital,18.9681978,72.8072647,364
HOS_1246,Hospital,Kohinoor Hospital,,,0
HOS_1247,Hospital,Fortis Hospital Mulund,19.1918191,72.8348753,300
HOS_1248,Hospital,Seven Hills Hospital,19.1188585,72.8802146,0
HOS_1249,Hospital,Zynova Heart Hospital,19.0889039,72.907247,5
HOS_1250,Hospital,Zenith Hospital,,,100
HOS_1251,Hospital,The Eye Super Specialities,19.0796375,72.9070116,0
HOS_1252,Hospital,Swastik Hospital and Research Centre,19.0552812,72.8892082,0
HOS_1253,Hospital,Sushrut Hospital and Research Centre,19.0552812,72.8892082,0
HOS_1254,Hospital,Surya Eye Institute and Research Centre Pvt Ltd,19.1725542,72.942537,0
HOS_1255,Hospital,Suruchi Eye Centre,19.1512887,72.9985574,0
HOS_1256,Hospital,Surana Hospital and Research Centre,,,0
HOS_1257,Hospital,Suprabha Surgicare,19.0237817,72.8502094,0
HOS_1258,Hospital,Sujay Hospital,19.1160222,72.8313139,0
HOS_1259,Hospital,Smt.S.R.Mehta and Sir K.P.Cardiac Institute,,,0
HOS_1260,Hospital,Global Hospital Super Speciality and Transplant Center,,,0
HOS_1261,Hospital,Gokul Hospital,19.206396,72.8656109,0
HOS_1262,Hospital,Gomathi Eye Centre,,,0
HOS_1263,Hospital,Hinduja Healthcare Surgical,19.0685232,72.8352484,0
HOS_1264,Hospital,Hira Mongi Navneet Hospital,19.1709732,72.9505973,120
HOS_1265,Hospital,Inlaks General Hospital,19.0327996,72.8963568,100
HOS_1266,Hospital,Jaslok Hospital And Research Centre,18.9681978,72.8072647,0
HOS_1267,Hospital,Joy Hospital Pvt Ltd,19.1095683,72.825288,0
HOS_1268,Hospital,Jupiter Hospital,,,325
HOS_1270,Hospital,Kaushalya Medical Foundation Trust Hospital,,,100
HOS_1271,Hospital,Kkasturi Medicare Pvt Ltd,,,50
HOS_1272,Hospital,Kohinoor Hospitals Pvt Ltd,,,500
HOS_1273,Hospital,Kokilaben Dhirubhai Ambani Hospital,19.1363246,72.82766,750
HOS_1274,Hospital,Krishna Cardiac Care Centre,,,0
HOS_1275,Hospital,Aditya Jyot Eye Hospital,,,0
HOS_1276,Hospital,Life Care Hospital,19.2961387,72.862607,0
HOS_1277,Hospital,Lifeline Hospital,19.1938477,72.8465927,0
HOS_1278,Hospital,Lotus Ent Hospital,,,0
HOS_1279,Hospital,Maa Nursing Home And Netra Jyoti Eye Care Center,,,0
HOS_1280,Hospital,Madhu Polyclinic and Nursing Home,19.200861,72.9643615,46
HOS_1281,Hospital,Mahavir Medical Research Centre,,,52
HOS_1282,Hospital,Nanavati Hospital,19.094854,72.839654,352
HOS_1284,Hospital,Nulife Hospital,19.0898792,72.908696,0
HOS_1285,Hospital,Om Navjeevan Hospital,,,0
HOS_1286,Hospital,Orbit Eye Hospital,19.1405116,72.8421555,0
HOS_1287,Hospital,Parakh Hospital,19.0796375,72.9070116,0
HOS_1288,Hospital,Paramount General Hospital and ICCU,19.1198548,72.8464601,0
HOS_1289,Hospital,Platinum Hospitals,19.1565109,72.9637728,100
HOS_1290,Hospital,Prince Aly Khan Hospital,,,162
HOS_1291,Hospital,Punamiya Hospital,19.0235976,72.8378125,0
HOS_1292,Hospital,\nDr.Mukhi's Raj Hospital,19.1725542,72.942537,50
HOS_1293,Hospital,Rane Heart Hospital,19.0691719,72.902584,30
HOS_1294,Hospital,RG Stone Urology and Laparoscopy Hospital,,,0
HOS_1295,Hospital,Riddhivinayak Critical Care and Cardiac Centre,,,0
HOS_1296,Hospital,Roshni Eye Hospital,19.1198548,72.8464601,0
HOS_1297,Hospital,Rushabh Eye Hospital And Laser Centre,19.059862,72.9005605,0
HOS_1298,Hospital,S.L.Raheja Hospital,,,140
HOS_1299,Hospital,Sai Seva Hospital And Icu,19.157935,72.9934762,25
HOS_1300,Hospital,Saifee Hospital,18.952508,72.818199,254
HOS_1301,Hospital,Sai lee Hospital and Diagnostic Centre,,,25
HOS_1302,Hospital,Sangita Maternity Surgical and Diagnostic Centre,19.1171389,72.846563,0
HOS_1303,Hospital,Sanjeevani Surgical And General Hospital,,,120
HOS_1304,Hospital,Smt S.R.Mehta and Sir K.P.Cardiac Institute,,,0
HOS_1305,Hospital,Speciality Ear Nose Throat Hospital,,,0
HOS_1306,Hospital,Sujay Hospital,19.1160222,72.8313139,40
HOS_1307,Hospital,Suman Eye Clinic and Surgery Centre,19.1441579,72.8238595,0
HOS_1308,Hospital,Surana Sethia Hospital and Research Centre,19.053083,72.8982503,0
