Hospital_Name,Hospital_Category,Hospital_Care_Type,State,District,Total_Num_Beds,Latitude,Longitude
Apex Kidney Care Pvt. Ltd.,0,0,Maharashtra,Mumbai,0,,
Arihant Heart and Surgical Hospital,0,0,Maharashtra,Mumbai,0,19.2240612,72.8666469
Banaji Eyesurgery and Laser Center,0,0,Maharashtra,Mumbai,0,21.2022869,72.8712951
Bhoir Hospital,0,0,Maharashtra,Mumbai,0,,
Charak Clinic Nursing Home,0,0,Maharashtra,Mumbai,0,18.9519338,72.8189832
Dalvi Plus,0,0,Maharashtra,Mumbai,0,19.046295,72.8415449
Doshi Nursing Home,0,0,Maharashtra,Mumbai,0,19.0796375,72.9070116
Dr Kiran Katar Clinic,0,0,Maharashtra,Mumbai,0,19.0176169,72.8561288
Dr Satish Padmanabhan Clinic,0,0,Maharashtra,Mumbai,0,19.0176169,72.8561288
Dr Telangs Dhanvantari Hospital,0,0,Maharashtra,Mumbai,0,,
Dr. Ramesh Chaudhari,0,0,Maharashtra,Mumbai,0,19.0759837,72.8776559
Dr. Sandeep S. Nagvekar,0,0,Maharashtra,Mumbai,0,,
Dr.Apte Maternity and Nursing Home,0,0,Maharashtra,Mumbai,0,,
Dr.Jaydeep S Khedkar,0,0,Maharashtra,Mumbai,0,19.0176169,72.8561288
Gokul Nursing Home and Iccu,0,0,Maharashtra,Mumbai,0,19.1738547,72.8476718
Harshit Health Care Centre - Jalalpur-Jainpur,0,0,Maharashtra,Mumbai,0,,
Kapadia Multi Speciality Hospital,0,0,Maharashtra,Mumbai,0,19.1630556,72.8390592
Kilbil Childrens Hospital,0,0,Maharashtra,Mumbai,0,,
Laksh-Deep Hospital,0,0,Maharashtra,Mumbai,0,,
Laser Eye Surgery Center,0,0,Maharashtra,Mumbai,0,19.0599051,72.8342113
Marve Nursing Home,0,0,Maharashtra,Mumbai,0,19.1963422,72.8105333
Mauli Hospital,0,0,Maharashtra,Mumbai,0,19.2539332,72.8672448
Nath Hospital,0,0,Maharashtra,Mumbai,0,19.2041173,72.9747855
Phiroze M.Dastoor and Co,0,0,Maharashtra,Mumbai,0,18.9380988,72.8343567
Pikhala Hospital,0,0,Maharashtra,Mumbai,0,,
Prathana Hospital,0,0,Maharashtra,Mumbai,0,19.0759837,72.8776559
Pregnancy Advice and Service,0,0,Maharashtra,Mumbai,0,,
Radiation Medicine Centre Bhabha Atomic Research C,0,0,Maharashtra,Mumbai,0,19.0176169,72.8561288
Raj Hospital,0,0,Maharashtra,Mumbai,0,19.0355766,73.0228173
Sai Aashirwad Hospital,0,0,Maharashtra,Mumbai,0,,
Sai Hospital,0,0,Maharashtra,Mumbai,0,19.0759837,72.8776559
Sanjawalas Maternity and Gynacologist,0,0,Maharashtra,Mumbai,0,19.0963781,72.8563994
Sanket Hospital,0,0,Maharashtra,Mumbai,0,,
Shree Arihant Eye Care Centre,0,0,Maharashtra,Mumbai,0,19.2550851,72.8571396
Shreeji Hospital,0,0,Maharashtra,Mumbai,0,19.0834108,72.9022333
Sonkusare Clinic,0,0,Maharashtra,Mumbai,0,22.5023688,88.4032524
Surbhi Dental Clinic(Dr.Samata Dhuppad),0,0,Maharashtra,Mumbai,0,19.0176169,72.8561288
Uday Pathak Hospital,0,0,Maharashtra,Mumbai,0,19.0759837,72.8776559
Usha Maternity and Nursing Home,0,0,Maharashtra,Mumbai,0,19.2107733,73.1868328
Yesha Onco Surgical Care,0,0,Maharashtra,Mumbai,0,20.9467019,72.9520348
Shroff Eye Clinic,0,0,Maharashtra,Mumbai,0,18.9435836,72.8228706
Smt. Kamladevi Gauridutt Mittal Ayurvedic Hosp,0,0,Maharashtra,Mumbai,0,19.1055042,72.8500559
Dholkawalla Maternity Home,0,0,Maharashtra,Mumbai,0,18.952263,72.8340598
The Hussonally Abdulally Dholkawalla Wakf Charity Trust,0,0,Maharashtra,Mumbai,0,18.952263,72.8340598
Advanced Cardiovascular Specialists Pvt Ltd,0,0,Maharashtra,Mumbai,0,,
Bay View Clinic,0,0,Maharashtra,Mumbai,0,19.0759837,72.8776559
Beramjis Hospital,0,0,Maharashtra,Mumbai,0,,
"Brahman Sabha, Mumbai. Mhaskar Gruh And General Nu",0,0,Maharashtra,Mumbai,0,18.9575324,72.8190671
Chhaya Surgical Home,0,0,Maharashtra,Mumbai,0,19.2461644,72.8509056
Conwest Jain Clinic Group Of Hospitals,0,0,Maharashtra,Mumbai,0,,
D S Kothari Hospital,0,0,Maharashtra,Mumbai,0,,
Dr. Rajesh D Mody - V.P.Road,0,0,Maharashtra,Mumbai,0,19.0759837,72.8776559
Dr. Yash Shah Total Eye Care,0,0,Maharashtra,Mumbai,0,,
Dr.Pai Dhungat Maternity and Nursing Home,0,0,Maharashtra,Mumbai,0,19.0176169,72.8561288
Endocrine Metabolic Laboratory,0,0,Maharashtra,Mumbai,0,18.956084,72.8151877
Harkissondass and Narottamdass Hospital and Research Centre,0,0,Maharashtra,Mumbai,0,,
Hematology Laboratory,0,0,Maharashtra,Mumbai,0,19.0759837,72.8776559
Inkus Ivf Centre,0,0,Maharashtra,Mumbai,0,,
Kamla Eye Clinic,0,0,Maharashtra,Mumbai,0,,
Lotus Clinic,0,0,Maharashtra,Mumbai,0,49.0226838,12.3033548
Mother and Child Care Clinic,0,0,Maharashtra,Mumbai,0,,
Shivneh,0,0,Maharashtra,Mumbai,0,,
Sir Hurkisondas Nurrotumdas Hospital and Research Center,0,0,Maharashtra,Mumbai,0,,
Slr Fortis,0,0,Maharashtra,Mumbai,0,,
Trinity Clinic Pvt.Ltd,0,0,Maharashtra,Mumbai,0,18.9570051,72.8239724
Ursekar Laser and Microssurgery Eye Clinic,0,0,Maharashtra,Mumbai,0,,
V.A.D.T Nursing Home,0,0,Maharashtra,Mumbai,0,19.0759837,72.8776559
Yogeshwar Surgical Clinic and Nursing Home - Mumbai,0,0,Maharashtra,Mumbai,0,,
Indu Clinic,0,0,Maharashtra,Mumbai,0,18.9276348,72.8330646
Inhs Asvini,0,0,Maharashtra,Mumbai,0,18.9002475,72.8152995
Sujata Medicare (Sujata Gyanaecology Clinic),0,0,Maharashtra,Mumbai,0,19.1198548,72.8464601
Zaveri Eye Clinic,0,0,Maharashtra,Mumbai,0,19.0723058,73.0006774
Kataria Eye Clinic,0,0,Maharashtra,Mumbai,0,18.9190478,72.8294948
St. Elizabeth's Hospital,0,0,Maharashtra,Mumbai,0,,
Aayush Eye Clinic,0,0,Maharashtra,Mumbai,0,19.0597308,72.8989478
Bombay City Eye Institute and Research Center,0,0,Maharashtra,Mumbai,0,18.956136,72.8081781
Dr Amonkar Hospital,0,0,Maharashtra,Mumbai,0,,
Dr Galas Nursing Home,0,0,Maharashtra,Mumbai,0,18.9591784,72.8145383
Dr Turners S Speciality Dental Centre,0,0,Maharashtra,Mumbai,0,19.0759837,72.8776559
Dr. Gala's Nursing Home,0,0,Maharashtra,Mumbai,0,,
Dr. Nisars Eye Care Centre,0,0,Maharashtra,Mumbai,0,18.9636754,72.8161899
Dr.(Mrs.) Havovi S. Madon,0,0,Maharashtra,Mumbai,0,,
Dr.Mangeshikar Clinic,0,0,Maharashtra,Mumbai,0,18.9602406,72.8103742
Eye-Q Vision Care,0,0,Maharashtra,Mumbai,0,18.95753,72.8088794
Foresight Eye Center,0,0,Maharashtra,Mumbai,0,,
Infiniti Eye Hospital,0,0,Maharashtra,Mumbai,0,19.0759837,72.8776559
Mangeshikar Access Gynecology and Infertility Center,0,0,Maharashtra,Mumbai,0,18.9591937,72.8122626
N M Medical Centre,0,0,Maharashtra,Mumbai,0,18.9576029,72.8103199
New Babulnath Ent Clinic,0,0,Maharashtra,Mumbai,0,18.9653852,72.8147262
Palshetkar Patil Nursing Home,0,0,Maharashtra,Mumbai,0,18.9537342,72.8183134
Samyak Drishti Eye Centre,0,0,Maharashtra,Mumbai,0,18.9563549,72.8133985
Shah Eye Clinic and Nursing Home,0,0,Maharashtra,Mumbai,0,19.0759837,72.8776559
The Vascular Clinic,0,0,Maharashtra,Mumbai,0,18.9586748,72.8110314
Eye Site,0,0,Maharashtra,Mumbai,0,19.2147763,73.0864218
Ipc Heart Care,0,0,Maharashtra,Mumbai,0,19.0176169,72.8561288
Madhura Nursing Home,0,0,Maharashtra,Mumbai,0,19.381244,72.830237
Nagori Clinic And Nursing Home,0,0,Maharashtra,Mumbai,0,18.9688538,72.8283084
Prathmesh General Hospital and Iccu,0,0,Maharashtra,Mumbai,0,,
Sadhu-Kamal Eye Hospital,0,0,Maharashtra,Mumbai,0,18.965987,72.818904
Swastik Nursing Home,0,0,Maharashtra,Mumbai,0,19.0552812,72.8892082
M.H. Saboo Siddique Maternity and General Hospital - Masjid,0,0,Maharashtra,Mumbai,0,18.9506004,72.8382547
Gokul Hospital,0,0,Maharashtra,Mumbai,0,19.1330996,72.8372689
Prince Aly Khan Hospital,0,0,Maharashtra,Mumbai,0,18.970835,72.8357489
Sai Raj Hospital,0,0,Maharashtra,Mumbai,0,,
Nirmala Maternity And Surgical Hospitalwith Polyclinic,0,0,Maharashtra,Mumbai,0,,
Sankalp Eye Care Centre,0,0,Maharashtra,Mumbai,0,18.9927476,72.8310679
Vatsalya Nursing Home,0,0,Maharashtra,Mumbai,0,,
Dr Chetan Shetty Clinic,0,0,Maharashtra,Mumbai,0,19.0176169,72.8561288
Dr G M Bhargava Clinic,0,0,Maharashtra,Mumbai,0,18.99833,72.83864
Dr.Zankars Diagnostic Centre,0,0,Maharashtra,Mumbai,0,18.9952875,72.8364244
"Global Hospital-Super Speciality And Transplant Centre ( A Unit Of Centre For Digestive and Kidney Diseases (India) Pvt. Ltd.,",0,0,Maharashtra,Mumbai,0,,
K B H B Charitable Ophthalmic and E.N.T Hospital,0,0,Maharashtra,Mumbai,0,19.0021567,72.8415793
K B Haji Bachooali Charitable Ophthalmic and E N T H,0,0,Maharashtra,Mumbai,0,19.003095,72.8393973
Municipal Corporation Of Greater Mumbai,0,0,Maharashtra,Mumbai,0,19.0857348,72.9138503
N S Optical Contact Lens Clinic Ghatkopar,0,0,Maharashtra,Mumbai,0,18.9840396,72.835737
Om Shanti Manav Kalyan Netralay,0,0,Maharashtra,Mumbai,0,,
Parel Institute Of Orthopaedic Specialities,0,0,Maharashtra,Mumbai,0,19.004888,72.8456268
Dr Nerurkars Harish Nursing Home,0,0,Maharashtra,Mumbai,0,,
Dr.Mugdha Ranade Eye Clinic,0,0,Maharashtra,Mumbai,0,,
Harish Nursing Home,0,0,Maharashtra,Mumbai,0,18.991758,72.831223
Jain Diagnotic Centre,0,0,Maharashtra,Mumbai,0,18.9915925,72.8315014
Akshi Eye Centre,0,0,Maharashtra,Mumbai,0,19.0187123,72.8480251
Arthroscopy and Sports Medicine Institute,0,0,Maharashtra,Mumbai,0,,
Ashirvad Clinic(Dr.Vandana Walvekar),0,0,Maharashtra,Mumbai,0,19.021324,72.8424178
Ashirwad Transfusion And Chemotherapy Centre,0,0,Maharashtra,Mumbai,0,19.0759837,72.8776559
Ashwini Accident Hospital and Poly Clinic,0,0,Maharashtra,Mumbai,0,,
Asmi Arthroscopy and Sports Medicine Institute,0,0,Maharashtra,Mumbai,0,19.019119,72.848349
B N D Onco Center,0,0,Maharashtra,Mumbai,0,19.016976,72.847592
Dr Khandeparkars Nursing Home,0,0,Maharashtra,Mumbai,0,19.0194936,72.8467661
Dr Kulkarni Hospital,0,0,Maharashtra,Mumbai,0,19.1365997,72.8566074
Dr M B Agarwalclinic,0,0,Maharashtra,Mumbai,0,19.0759837,72.8776559
Dr R M Jangada Clinic Dadar,0,0,Maharashtra,Mumbai,0,19.0146087,72.8427525
Dr. Karmarkar Hospital,0,0,Maharashtra,Mumbai,0,19.0160002,72.8431146
Dr. Vaze`S Nursing Home And Eye Clinic,0,0,Maharashtra,Mumbai,0,,
Elixir Hospital,0,0,Maharashtra,Mumbai,0,19.0187882,72.848917
G S B S Medical Trust,0,0,Maharashtra,Mumbai,0,19.0099129,72.8426858
Haematology Centre,0,0,Maharashtra,Mumbai,0,19.0759837,72.8776559
Kashyap Nursing Home,0,0,Maharashtra,Mumbai,0,,
Krishna Cardiac Care Centre,0,0,Maharashtra,Mumbai,0,19.0228246,72.8534206
Laud Clinic,0,0,Maharashtra,Mumbai,0,19.020546,72.8487169
Navneet Jain Health Center,0,0,Maharashtra,Mumbai,0,19.0207984,72.8384577
Nehru Nagar Medical Center,0,0,Maharashtra,Mumbai,0,,
Nirmal Nursing Home,0,0,Maharashtra,Mumbai,0,,
Prof (Dr.) M B Agarwals Haematology Day Care Centr,0,0,Maharashtra,Mumbai,0,19.0759837,72.8776559
Shree Samarth Nursing Home,0,0,Maharashtra,Mumbai,0,18.9635287,72.8280994
Shrikhande Clinic,0,0,Maharashtra,Mumbai,0,19.021324,72.8424178
Suprabha Surgicare,0,0,Maharashtra,Mumbai,0,19.0099129,72.8426858
Dr. Haresh L Gala Clinic-Acharya Donde Marg.,0,0,Maharashtra,Mumbai,0,19.0759837,72.8776559
Sewree Nursing Home,0,0,Maharashtra,Mumbai,0,19.0759837,72.8776559
Dr Haresh Shah Prabhat Maternity and Surgical Nursing Home,0,0,Maharashtra,Mumbai,0,,
Dr. Fonsecas Maternity and Surgical Home,0,0,Maharashtra,Mumbai,0,19.0414516,72.8453359
Dr. Mathure`S Surgical Clinic,0,0,Maharashtra,Mumbai,0,19.0351534,72.8404432
"Dr.(Mrs,) Renu L. Vallicha",0,0,Maharashtra,Mumbai,0,19.0351534,72.8404432
Dr.Koppikars Family Clinic,0,0,Maharashtra,Mumbai,0,19.0334876,72.8463712
Gupte Maternity and Surgical Home,0,0,Maharashtra,Mumbai,0,19.0298134,72.8398724
Laxmi Clinic,0,0,Maharashtra,Mumbai,0,,
Nadkarni Clinic,0,0,Maharashtra,Mumbai,0,19.0351534,72.8404432
Netra Retina And Laser Centre,0,0,Maharashtra,Mumbai,0,19.0353124,72.8436859
North Bombay Clinic Surgical and Maternity Home,0,0,Maharashtra,Mumbai,0,19.0338576,72.8423219
P D Hinduja National Hospital and Medical Research Centre,0,0,Maharashtra,Mumbai,0,19.0374901,72.8390644
Pikale Hospital,0,0,Maharashtra,Mumbai,0,,
Prabhat Maternity And Surgical Nursing Home,0,0,Maharashtra,Mumbai,0,,
Rajvi Clinic,0,0,Maharashtra,Mumbai,0,19.0281662,72.8382547
S.L. Raheja Hospital,0,0,Maharashtra,Mumbai,0,19.032012,72.8401043
Shree Saraswati Nursing Home,0,0,Maharashtra,Mumbai,0,19.0310674,72.8453376
Surlata Hospital,0,0,Maharashtra,Mumbai,0,,
Triveni Nursing Home,0,0,Maharashtra,Mumbai,0,19.0313867,72.8379652
Ayurseva Hospital,0,0,Maharashtra,Mumbai,0,19.0463778,72.8543168
Bava Medical Centre,0,0,Maharashtra,Mumbai,0,19.0402084,72.8508504
Dhanwantari Nursing Home and Diagnostic Centre,0,0,Maharashtra,Mumbai,0,19.0390744,72.8527492
Dr. Sushil D Nakhates Child Care Centre and Shruti Nursing Home,0,0,Maharashtra,Mumbai,0,19.0480285,72.857092
Lfe Care Hospital - Dharavi,0,0,Maharashtra,Mumbai,0,19.0480285,72.857092
Sai Hospital,0,0,Maharashtra,Mumbai,0,,
Sai Medicure Services Pvt. Ltd. (Sai Hospital),0,0,Maharashtra,Mumbai,0,19.0402084,72.8508504
Bosco Nursing Home and Ent Research Centre,0,0,Maharashtra,Mumbai,0,,
Dr Gadgils Eye Hospital,0,0,Maharashtra,Mumbai,0,,
Nirmal Clinic,0,0,Maharashtra,Mumbai,0,18.9872015,72.8290456
R R A Podar Central Research Institute,0,0,Maharashtra,Mumbai,0,18.9997784,72.8169357
Regenesis,0,0,Maharashtra,Mumbai,0,,
Reliance Life Sciences Pvt. Ltd,0,0,Maharashtra,Mumbai,0,19.0062696,72.8206853
Saarthi Hospital,0,0,Maharashtra,Mumbai,0,19.1509879,72.9315251
The Bombay Mothers and Children Welfare Societys,0,0,Maharashtra,Mumbai,0,19.0031932,72.8192367
Dr Trivedis Maternity and Nursing Home,0,0,Maharashtra,Mumbai,0,19.0792247,72.9057813
Dr V T Shah Diagnostic Centre and Clinic,0,0,Maharashtra,Mumbai,0,19.023947,72.8529909
Dr.Chhatres Maternity and Surgical Nursing Home,0,0,Maharashtra,Mumbai,0,19.0252685,72.8523958
Icon The Eye Consultants Eye and Laser Centre,0,0,Maharashtra,Mumbai,0,19.0336548,72.854459
Insight Eye Clinic,0,0,Maharashtra,Mumbai,0,19.0759837,72.8776559
Jashem Eye Institute,0,0,Maharashtra,Mumbai,0,19.0759837,72.8776559
Lions Club Of East Bombay,0,0,Maharashtra,Mumbai,0,19.0099,72.820598
Naik Nursing Home and Endoscopy Centre,0,0,Maharashtra,Mumbai,0,19.0962638,73.0111333
Narvekar Clinics,0,0,Maharashtra,Mumbai,0,,
Shah Nursing Home,0,0,Maharashtra,Mumbai,0,,
Siddhamrut Clinic,0,0,Maharashtra,Mumbai,0,19.022637,72.851028
Visaria Nursing Home - Matunga,0,0,Maharashtra,Mumbai,0,19.0304554,72.8469971
Bombay Hospital and Medical Research Centre,0,0,Maharashtra,Mumbai,0,18.9389181,72.8286535
Dr. Bacha`S Memorial Belle Vue Nursing Home,0,0,Maharashtra,Mumbai,0,,
Zain Eye Care,0,0,Maharashtra,Mumbai,0,18.9457243,72.8237605
Abhishek Day Care Ins. and Medical Research Centre,0,0,Maharashtra,Mumbai,0,,
Lady Ratan Tata Medical Centre,0,0,Maharashtra,Mumbai,0,19.0759837,72.8776559
Vinod Sharma Memorial Medical Centre,0,0,Maharashtra,Mumbai,0,19.0759837,72.8776559
Ashirwad Nursing Home,0,0,Maharashtra,Mumbai,0,19.0394894,72.8597092
Dr Savlas Child Care Centre,0,0,Maharashtra,Mumbai,0,19.0351454,72.8663173
Dr. Deosthaci's Eye Care Centre,0,0,Maharashtra,Mumbai,0,19.0397531,72.8611975
Dr.Patrawala`S Kalpana Nursing Home,0,0,Maharashtra,Mumbai,0,19.0516931,72.8691602
Endoscopy Asia,0,0,Maharashtra,Mumbai,0,19.0381054,72.8596712
Gandhi Hospital - Navi Mumbai,0,0,Maharashtra,Mumbai,0,19.153192,72.9969872
Iyers Polyclinic,0,0,Maharashtra,Mumbai,0,19.0351454,72.8663173
Kamakshi Maternity Home,0,0,Maharashtra,Mumbai,0,,
Krishna Eye Centre,0,0,Maharashtra,Mumbai,0,19.0351454,72.8663173
Mata Lachmi Hospital,0,0,Maharashtra,Mumbai,0,19.0349625,72.8601821
Shanmukhananda Aditya Jyot Eye Institute - Sion - Mumbai,0,0,Maharashtra,Mumbai,0,19.0351454,72.8663173
Shanmukhananda Jasubhai Rkshah Medical Centre,0,0,Maharashtra,Mumbai,0,19.0176169,72.8561288
Shri Vaishnav Seva Samaj Public Charitable Trust -,Public/ Government,0,Maharashtra,Mumbai,0,19.0390214,72.8618952
Smt. Sushilaben R. Mehta and Sir K.P. Cardiac Institute / (Sir Kikabhai Premchand Trust),0,0,Maharashtra,Mumbai,0,,
Varun Cardiac Clinic,0,0,Maharashtra,Mumbai,0,19.082354,72.9051026
Vyas Surgery Mumbai,0,0,Maharashtra,Mumbai,0,,
Amrutha Surgical And Maternity Home,0,0,Maharashtra,Mumbai,0,19.0898792,72.908696
Aryan Hospital and Iccu - Kurla-Mumbai,0,0,Maharashtra,Mumbai,0,19.0579437,72.8412418
Ashvini Maternity and Surgical Nursing Home,0,0,Maharashtra,Mumbai,0,19.0639898,72.8825627
Prarushi Healthcare Pvt Ltd / Kusumesh Chandra Maternity Hospital,0,0,Maharashtra,Mumbai,0,,
Asha Surgical and Maternity Home Laparoscopy and Famil,0,0,Maharashtra,Mumbai,0,19.0158466,72.8279973
Comfort Clinic Nursing Home,0,0,Maharashtra,Mumbai,0,,
Dr.D.M.Beke,0,0,Maharashtra,Mumbai,0,19.0759837,72.8776559
"Dr.Palep`S ""Priyank""Maternity Nursing Home",0,0,Maharashtra,Mumbai,0,,
Fayth Clinic,0,0,Maharashtra,Mumbai,0,19.0137008,72.8294379
Punamiya Hospital,0,0,Maharashtra,Mumbai,0,19.0181462,72.8357351
Savla Medical Center,0,0,Maharashtra,Mumbai,0,19.0158466,72.8279973
Siddivinayak Healthcare Pvt Ltd,0,0,Maharashtra,Mumbai,0,19.0235976,72.8378125
Sidhivinayk Clinic,0,0,Maharashtra,Mumbai,0,19.0096924,72.8299301
Tirtha Surgical and Maternity Home,0,0,Maharashtra,Mumbai,0,19.0254538,72.8357672
Varad Medical Centre,0,0,Maharashtra,Mumbai,0,,
Breach Candy Hospital Trust,0,0,Maharashtra,Mumbai,0,18.972711,72.804394
Doshi Eye Care,0,0,Maharashtra,Mumbai,0,18.9714675,72.8095069
Gynaecworld,0,0,Maharashtra,Mumbai,0,19.0759837,72.8776559
Jaslok Hospital and Research Centre,0,0,Maharashtra,Mumbai,0,,
Right Sight Eye Clinic,0,0,Maharashtra,Mumbai,0,19.0759837,72.8776559
Soonawala Clinic,0,0,Maharashtra,Mumbai,0,18.9678635,72.8089613
Voras Nursing Home,0,0,Maharashtra,Mumbai,0,,
Balaji Hospital,0,0,Maharashtra,Mumbai,0,18.9821993,72.8382547
Ashtavinayak Maternity Surgical and Eye Hospital,0,0,Maharashtra,Mumbai,0,19.0759837,72.8776559
Ashvini Nursing and Maternity Home,0,0,Maharashtra,Mumbai,0,19.0235976,72.8378125
Deccan Fertility Clinic and Keyhole Surgery Center,0,0,Maharashtra,Mumbai,0,19.0759837,72.8776559
Dev Nursing Home,0,0,Maharashtra,Mumbai,0,19.0759837,72.8776559
Dnyan Geeta Nursing Home,0,0,Maharashtra,Mumbai,0,19.0256197,72.8372812
Dr Dhaval D Shah Clinic,0,0,Maharashtra,Mumbai,0,,
Dr Sunil Kowlis Surgical Clinic And Nusing Home,0,0,Maharashtra,Mumbai,0,,
Dr Thakur Hospital,0,0,Maharashtra,Mumbai,0,19.0235976,72.8378125
Dr. Gandhi's Nusing Home,0,0,Maharashtra,Mumbai,0,,
Dr.Patkars Surgical Nursing Home,0,0,Maharashtra,Mumbai,0,19.0235976,72.8378125
Dr.Vaze Hospital,0,0,Maharashtra,Mumbai,0,19.0241157,72.8365432
Nerkar Surgical Clinic,0,0,Maharashtra,Mumbai,0,19.0163387,72.8401024
"Paramount Medical Services Pvt Ltd.,",0,0,Maharashtra,Mumbai,0,,
Shree Vardhaman Sthanakvasi Jain Shravak Sangh Dadar Sanchalit Navneet Jain Health Centre,0,0,Maharashtra,Mumbai,0,19.0207984,72.8384577
Shreedhar Hospital,0,0,Maharashtra,Mumbai,0,19.021324,72.8424178
Shri Siddhivinayak Nursing Home,0,0,Maharashtra,Mumbai,0,19.021324,72.8424178
Shushrusha Citizens` Co-Op Hospital Ltd.,0,0,Maharashtra,Mumbai,0,19.0213255,72.8397884
Thyrocare Services,0,0,Maharashtra,Mumbai,0,,
Urology and Infertility Clinic Dadar,0,0,Maharashtra,Mumbai,0,19.0241157,72.8365432
Vijeet Stone Center,0,0,Maharashtra,Mumbai,0,19.0241157,72.8365432
Well Spring Dr Avinash Phadke Pathlab Clinic,0,0,Maharashtra,Mumbai,0,19.0242735,72.8379211
Ishanni Urology Center,0,0,Maharashtra,Mumbai,0,19.0759837,72.8776559
Sai Deep Nursing Home,0,0,Maharashtra,Mumbai,0,,
Metropolis Health Services India Ltd,0,0,Maharashtra,Mumbai,0,,
Worli Hospital For Women,0,0,Maharashtra,Mumbai,0,19.0759837,72.8776559
Aditya Jyoti Eye Hospital(P V T ) L T D,0,0,Maharashtra,Mumbai,0,,
Rotunda Nursing Home,0,0,Maharashtra,Mumbai,0,19.0151285,72.8580644
Shobha Maternity and Surgical Home,0,0,Maharashtra,Mumbai,0,18.9655331,72.8165727
Aryan Hospital and Icu,0,0,Maharashtra,Mumbai,0,19.0097727,72.9017603
Dr Redkars Maternity and Nursing Home,0,0,Maharashtra,Mumbai,0,19.1822352,72.9468948
Anudhiti Care,0,0,Maharashtra,Mumbai,0,,
"Aus Clinic and Lithotripsy Center, Tardeo",0,0,Maharashtra,Mumbai,0,,
Janakee Nursing Home,0,0,Maharashtra,Mumbai,0,19.0759837,72.8776559
Nova Medical Centers Pvt Ltd,0,0,Maharashtra,Mumbai,0,18.9681499,72.8122442
Shetty Nursing Home (Shetty Health Services Pvt. Ltd.),0,0,Maharashtra,Mumbai,0,18.9746477,72.8128577
Shetty Nurshing Home,0,0,Maharashtra,Mumbai,0,18.9746477,72.8128577
Chinmay Nursing Home Wadala,0,0,Maharashtra,Mumbai,0,,
Dr Gupta Clinic And Day Carecentre,0,0,Maharashtra,Mumbai,0,19.0743137,72.8278871
Genesis Speciality Center (Health-Check Up,0,0,Maharashtra,Mumbai,0,19.0088678,72.8573828
Jyoti Nursing Home,0,0,Maharashtra,Mumbai,0,19.0283439,72.869804
Micro Care Diagnostic Centre,0,0,Maharashtra,Mumbai,0,19.0151285,72.8580644
Rainbow Kidz Hospital,0,0,Maharashtra,Mumbai,0,,
Amey Eye Care Centre,0,0,Maharashtra,Mumbai,0,19.0759837,72.8776559
Aniket Nuring Home,0,0,Maharashtra,Mumbai,0,19.1316889,72.9351934
Ankur Maternity and Surgical Nursing Home,0,0,Maharashtra,Mumbai,0,19.1308769,72.9359605
Shaily Nursing Home,0,0,Maharashtra,Mumbai,0,19.1375536,72.9350174
Bombay City Hospital,0,0,Maharashtra,Mumbai,0,19.0493908,72.9145327
Dr. Tidke Hospital,0,0,Maharashtra,Mumbai,0,19.051694,72.930923
Ekta Nursing Home and Polyclinic,0,0,Maharashtra,Mumbai,0,19.0520628,72.9272317
Gaware Nursing Home,0,0,Maharashtra,Mumbai,0,,
Mahaveer Nursing Home,0,0,Maharashtra,Mumbai,0,,
Omkar Nursing Home,0,0,Maharashtra,Mumbai,0,19.051694,72.930923
Royal Nursing Home,0,0,Maharashtra,Mumbai,0,19.0489198,72.9143346
Saraswati Hospital,0,0,Maharashtra,Mumbai,0,,
Shree Mahaveer Nursing Home - Govandi-Mumbai,0,0,Maharashtra,Mumbai,0,19.0511,72.9205
Vikas Nursing Home,0,0,Maharashtra,Mumbai,0,19.055124,72.9154653
Ascent Clinic,0,0,Maharashtra,Mumbai,0,,
"Bharatiya Arogya Nidhi, Sheth Kantilal C. Parikh G",0,0,Maharashtra,Mumbai,0,,
Center For Cataract Surgery - Mumbai,0,0,Maharashtra,Mumbai,0,19.110608,72.832553
Criticare Multispeciality Hospital And Research Centre,0,0,Maharashtra,Mumbai,0,,
Divya Eye Clinic And Day Care Centre,0,0,Maharashtra,Mumbai,0,,
Dr Jayant Doshi,0,0,Maharashtra,Mumbai,0,,
Dr.Daftarys Total Care Clinic,0,0,Maharashtra,Mumbai,0,19.1080574,72.8290035
Juhu Clinical Laboratory,0,0,Maharashtra,Mumbai,0,19.1067104,72.829273
Laser Institute Of Laser Medicine,0,0,Maharashtra,Mumbai,0,19.1102949,72.8409693
Oculus Eye Hospital Pvt. Ltd,0,0,Maharashtra,Mumbai,0,19.1102949,72.8409693
Pushpa Hospital,0,0,Maharashtra,Mumbai,0,19.1483497,72.8404703
Sheth Kantilal C. Parikh General Hospital,0,0,Maharashtra,Mumbai,0,19.1086051,72.8267176
Shree Hi- Tech Clinic Pvt. Ltd. /Laserx,0,0,Maharashtra,Mumbai,0,19.1141161,72.8393625
Spectrum Health Care,0,0,Maharashtra,Mumbai,0,,
Sujay Hospital,0,0,Maharashtra,Mumbai,0,19.1160222,72.8313139
The Vission Eye Centre,0,0,Maharashtra,Mumbai,0,19.110608,72.832553
Bandra Pathology Laboratory,0,0,Maharashtra,Mumbai,0,19.0616128,72.83184
Ceds The Cneter Of Eye Dianostics And Surgery,0,0,Maharashtra,Mumbai,0,19.0606917,72.8362497
Devi Maternity and Surgical,0,0,Maharashtra,Mumbai,0,19.0622209,72.8357525
Dr A K Chandiramani Hospital,0,0,Maharashtra,Mumbai,0,19.0636199,72.8351453
Dr Jains Dental Speciality Centre,0,0,Maharashtra,Mumbai,0,19.0557586,72.8319193
Dr Mukul Dabholkar Bandra,0,0,Maharashtra,Mumbai,0,19.0606917,72.8362497
Dr. Pattnaiks Nursing Home,0,0,Maharashtra,Mumbai,0,19.0606917,72.8362497
Dr. R. N. Shetty's Nursing Home,0,0,Maharashtra,Mumbai,0,19.0606917,72.8362497
Dr.Mira Raisinghaney Maternity and Surgical Nursing,0,0,Maharashtra,Mumbai,0,19.0606917,72.8362497
Empire Centre,0,0,Maharashtra,Mumbai,0,19.0606917,72.8362497
Holy Family Hospital,0,0,Maharashtra,Mumbai,0,19.0799499,72.8367149
Kiddie Ville Clinic,0,0,Maharashtra,Mumbai,0,19.0606917,72.8362497
Lilavati Hospital And Research Centre,0,0,Maharashtra,Mumbai,0,19.0606917,72.8362497
Mahatma Gandhi Seva Mandir,0,0,Maharashtra,Mumbai,0,19.057173,72.8393225
Mumbai Cancer Clinic,0,0,Maharashtra,Mumbai,0,19.0606917,72.8362497
Neisa Laser Centre,0,0,Maharashtra,Mumbai,0,19.0606917,72.8362497
Nm Medical Center,0,0,Maharashtra,Mumbai,0,19.0606917,72.8362497
Ojas Laser Eye Surgery Centre,0,0,Maharashtra,Mumbai,0,19.0606917,72.8362497
Parekh Eye Hospital,0,0,Maharashtra,Mumbai,0,19.0606917,72.8362497
Revival Polyclinic,0,0,Maharashtra,Mumbai,0,19.0606917,72.8362497
Satya Shiva Medicals Pvt. Ltd.,0,0,Maharashtra,Mumbai,0,19.0674662,72.828512
Shroff Eye Hospital,0,0,Maharashtra,Mumbai,0,19.0607435,72.8369031
Shruti Nursing Home,0,0,Maharashtra,Mumbai,0,19.0606917,72.8362497
Sushama Patkar Maternity ( and Surgical) Home - Bandra,0,0,Maharashtra,Mumbai,0,19.0536244,72.8245123
The Cosmetic Surgery Institute,0,0,Maharashtra,Mumbai,0,19.0593278,72.8351498
Vision 2000 Laser Surgery Centre,0,0,Maharashtra,Mumbai,0,19.0525804,72.8242037
West Lake Speciality Clinic,0,0,Maharashtra,Mumbai,0,19.0563119,72.8386593
Fortis Hospitals Limited,0,0,Maharashtra,Mumbai,0,19.1605587,72.9469214
Laxmi Surgical Clinic,0,0,Maharashtra,Mumbai,0,19.060533,72.8493479
Nandini Eye Care Centre,0,0,Maharashtra,Mumbai,0,19.0608089,72.8454864
Palvi Maternity and Mother Care Centre - Bandra Mumbai,0,0,Maharashtra,Mumbai,0,19.0574076,72.8447654
Shakuntal- Chitra Nursing Home,0,0,Maharashtra,Mumbai,0,,
Tejas Eye Clinic,0,0,Maharashtra,Mumbai,0,19.0585316,72.8478554
Tushar Maternity and Surgical Nursing Home,0,0,Maharashtra,Mumbai,0,19.1551485,72.8678551
Bombay Endoscopy Academy and Centre For Minimally In,0,0,Maharashtra,Mumbai,0,,
Chrysalizz,0,0,Maharashtra,Mumbai,0,19.0716903,72.8341267
Dr Gupte Lying-In Surgical Hospital,0,0,Maharashtra,Mumbai,0,,
G.M.Medical Centre - Khar,0,0,Maharashtra,Mumbai,0,19.0703631,72.8369507
Gopi Nursing Home,0,0,Maharashtra,Mumbai,0,19.0716903,72.8341267
Hinduja Healthcare,0,0,Maharashtra,Mumbai,0,,
I Sight Eyecare And Surgery,0,0,Maharashtra,Mumbai,0,19.0176169,72.8561288
Khar Clinico-Pathological Laboratory,0,0,Maharashtra,Mumbai,0,19.074515,72.834424
Kumar Clinic,0,0,Maharashtra,Mumbai,0,19.0716903,72.8341267
Mahavir Medical Research Center,0,0,Maharashtra,Mumbai,0,19.0741473,72.8325682
Morwani Nursing Home,0,0,Maharashtra,Mumbai,0,,
Nm Medical Center,0,0,Maharashtra,Mumbai,0,33.0185039,-80.1756481
Ramakrishna Mission Hospital,0,0,Maharashtra,Mumbai,0,19.0715992,72.8348232
Rg Stone Urology and Laproscopy Hospital - Mumbai,0,0,Maharashtra,Mumbai,0,,
Tulip Womens Healthcare Centre - Khar (W),0,0,Maharashtra,Mumbai,0,19.0689055,72.8320899
Vardan Nursing Home Pvt.Ltd.,0,0,Maharashtra,Mumbai,0,19.1551485,72.8678551
Aashna Nursing Home,0,0,Maharashtra,Mumbai,0,,
Akanksha Maternity and Surgical Hospital,0,0,Maharashtra,Mumbai,0,,
Ameya Maternity and Nursing Home,0,0,Maharashtra,Mumbai,0,19.1363246,72.82766
Ashwini Clinic,0,0,Maharashtra,Mumbai,0,19.1198548,72.8464601
Bellevue Multispeciality Hospital,0,0,Maharashtra,Mumbai,0,19.1363246,72.82766
"Benzer Nursing Home, Andheri",0,0,Maharashtra,Mumbai,0,19.1363246,72.82766
Clear Vision Eye Care,0,0,Maharashtra,Mumbai,0,,
Divyajyoti Eye Clinic,0,0,Maharashtra,Mumbai,0,,
Dr Parekhs Deafness Clinic and Ent Hospital,0,0,Maharashtra,Mumbai,0,19.1198548,72.8464601
Dr. Indus New Born And Child Care Centre,0,0,Maharashtra,Mumbai,0,19.1363246,72.82766
Dr. Jk Shah's Eye Clinic and Laser Centre,0,0,Maharashtra,Mumbai,0,19.1363246,72.82766
Dr. Joshi Surgical and Maternity Hospital,0,0,Maharashtra,Mumbai,0,19.1198548,72.8464601
Dr. Khosla`S Dental Centre,0,0,Maharashtra,Mumbai,0,19.1437436,72.8251145
Dr. M.I.Doongerwala - Andheri,0,0,Maharashtra,Mumbai,0,19.1363246,72.82766
Dr. Pareeks Deafness Clinic and Ent Hospital - Andheri,0,0,Maharashtra,Mumbai,0,19.1363246,72.82766
Eva Medicare Center - Andheri,0,0,Maharashtra,Mumbai,0,19.1732556,72.8363508
Gandhi Nursing Home,0,0,Maharashtra,Mumbai,0,19.1435906,72.8246291
Indu Child Care Center,0,0,Maharashtra,Mumbai,0,,
Kokilaben Dhirubhai Ambani Hospital,0,0,Maharashtra,Mumbai,0,19.1344172,72.8256366
Kulkarni Nursing Home and Polyclinic,0,0,Maharashtra,Mumbai,0,19.1396177,72.8317178
Life Care Medical Centre,0,0,Maharashtra,Mumbai,0,19.1373646,72.8253553
Manak Healthcare Hospital,0,0,Maharashtra,Mumbai,0,,
Parijat Surgical and General Hospital,0,0,Maharashtra,Mumbai,0,19.1363246,72.82766
Pushpa Maternity Home,0,0,Maharashtra,Mumbai,0,19.1455917,72.8229639
Reges Bone And Joint Care Centre,0,0,Maharashtra,Mumbai,0,19.1438721,72.8243536
Sanghvi Hospital (Andheri),0,0,Maharashtra,Mumbai,0,19.1455917,72.8229639
Sengal Patan Lab,0,0,Maharashtra,Mumbai,0,19.1289346,72.8248789
Shreeji Hospital,0,0,Maharashtra,Mumbai,0,19.1969579,72.8733648
Siddhartha Municipal General Hospital,0,0,Maharashtra,Mumbai,0,19.1629338,72.839241
Siddhivinayak Surgical Centre,0,0,Maharashtra,Mumbai,0,19.1363246,72.82766
Suman Eye Clinic And Surgery Centre,0,0,Maharashtra,Mumbai,0,19.1445491,72.8254052
Super Religare Laboratories Ltd,0,0,Maharashtra,Mumbai,0,19.1363246,72.82766
Surgicare Medical Centre - Mumbai,0,0,Maharashtra,Mumbai,0,19.1363034,72.827096
Vijay Opticians,0,0,Maharashtra,Mumbai,0,19.1285131,72.8247942
Vital Care Centre,0,0,Maharashtra,Mumbai,0,19.1363246,72.82766
Yash Neel Maternity Home,0,0,Maharashtra,Mumbai,0,19.1198548,72.8464601
Aseem Orthopaedic Hospital,0,0,Maharashtra,Mumbai,0,19.0893623,72.837722
Asha Orthopedic Hospital,0,0,Maharashtra,Mumbai,0,,
Bcj Hospital And Asha Parekh Research Centre,0,0,Maharashtra,Mumbai,0,19.0820719,72.8404132
Bhargava Nursing Home,0,0,Maharashtra,Mumbai,0,19.0811858,72.8361408
Clilical Pathology and Bacteriology Clinic,0,0,Maharashtra,Mumbai,0,19.0825013,72.8387327
Dr. Kamdars Nursing Home,0,0,Maharashtra,Mumbai,0,,
Fantasy Clinic,0,0,Maharashtra,Mumbai,0,19.1363246,72.82766
Gandhi Nursing Home,0,0,Maharashtra,Mumbai,0,19.0815087,72.8376755
Kenias Eye Hospital,0,0,Maharashtra,Mumbai,0,19.0895032,72.8385658
Life Line Hospital and Diagnostics Pvt Ltd,0,0,Maharashtra,Mumbai,0,19.0815087,72.8376755
Malhaar Maternity And General Nuring Home,0,0,Maharashtra,Mumbai,0,,
Malpani Eye Hospital And Laser Centre,0,0,Maharashtra,Mumbai,0,19.0815087,72.8376755
Maniar Clinic,0,0,Maharashtra,Mumbai,0,19.088112,72.835058
Mumbai Retina Centre,0,0,Maharashtra,Mumbai,0,19.0815087,72.8376755
Nagvekar Eye Clinic,0,0,Maharashtra,Mumbai,0,,
Netrapuja Research Centre,0,0,Maharashtra,Mumbai,0,19.072631,72.838478
P.H Medical Centre,0,0,Maharashtra,Mumbai,0,,
Radiance Laser Vision Centre,0,0,Maharashtra,Mumbai,0,19.0815087,72.8376755
Saifee Polyclinic and Diagnostic Cent,0,0,Maharashtra,Mumbai,0,,
Samvedan Health Care Clinic,0,0,Maharashtra,Mumbai,0,19.0815087,72.8376755
Sarla Hospital and Icu,0,0,Maharashtra,Mumbai,0,19.085559,72.8364953
Sarvodaya Eye Hospital,0,0,Maharashtra,Mumbai,0,19.081131,72.839053
Smruti Nursing Home,0,0,Maharashtra,Mumbai,0,19.0819373,72.8382266
Surya Childrens Hospital,0,0,Maharashtra,Mumbai,0,,
The Ark Clinic,0,0,Maharashtra,Mumbai,0,19.0815087,72.8376755
Zen Eye Center,0,0,Maharashtra,Mumbai,0,,
Aastha Surgical Clinic,0,0,Maharashtra,Mumbai,0,,
Dattatreya Nursing Home,0,0,Maharashtra,Mumbai,0,19.0825366,72.8502317
Dr. Raut`S Maternity and Surgical Nursing Home,0,0,Maharashtra,Mumbai,0,19.1515624,72.9435765
Dr. Sheth Surgical Clinic andGeneral Nursing Home- Santacruz-Mumbai,0,0,Maharashtra,Mumbai,0,19.079497,72.8465064
Nandan Maternity and Surgical Home,0,0,Maharashtra,Mumbai,0,19.0797967,72.8427287
Prerana Nursing Home,0,0,Maharashtra,Mumbai,0,,
R. K. Hospital,0,0,Maharashtra,Mumbai,0,,
Siddhi Nursing Home,0,0,Maharashtra,Mumbai,0,19.0801652,72.8494657
Sona Medical Center,0,0,Maharashtra,Mumbai,0,19.0759837,72.8776559
Upadhyaya Nursing Home,0,0,Maharashtra,Mumbai,0,19.07937,72.8562596
Vakola Nursing Home and Polyclinic,0,0,Maharashtra,Mumbai,0,19.0177749,72.8582527
Dr Balabhai Nanavati Hospital,0,0,Maharashtra,Mumbai,0,19.1013427,72.8394774
Dr Jagdish Shahs Clinic,0,0,Maharashtra,Mumbai,0,19.0982759,72.848784
Dr Shah Hospital and Acupuncture Research Center,0,0,Maharashtra,Mumbai,0,19.1405116,72.8421555
Dr. Kusums Kapadia Clinic,0,0,Maharashtra,Mumbai,0,,
Dr. Sadiwalas Clinic and Nursing Home,0,0,Maharashtra,Mumbai,0,19.106652,72.8402931
Dr. Sanjay Soni,0,0,Maharashtra,Mumbai,0,19.1145832,72.8358707
Eclat Polyclinic,0,0,Maharashtra,Mumbai,0,19.0759837,72.8776559
Eyeris Medical Center Pvt. Ltd.,0,0,Maharashtra,Mumbai,0,19.1012769,72.8425406
Iris Eye Center,0,0,Maharashtra,Mumbai,0,19.1102949,72.8409693
Irla Nursing Home and Polyclinic,0,0,Maharashtra,Mumbai,0,19.1102949,72.8409693
Khandwala Eye Hospital and Polyclinic,0,0,Maharashtra,Mumbai,0,,
"Life Care Iccu , Medical and Surgical Emergencies",0,0,Maharashtra,Mumbai,0,19.1083063,72.8382876
Mahaveer Health Care Centre,0,0,Maharashtra,Mumbai,0,19.098692,72.840026
Navkar Eye Care Center,0,0,Maharashtra,Mumbai,0,19.1102949,72.8409693
Shruti Clinic - Vile Parle,0,0,Maharashtra,Mumbai,0,19.1102949,72.8409693
Sunflower Nursing Home,0,0,Maharashtra,Mumbai,0,,
The Mediheights Shreeji Hospital and Research Center,0,0,Maharashtra,Mumbai,0,19.1083063,72.8382876
Voras Clinical Laboratory,0,0,Maharashtra,Mumbai,0,19.1030524,72.8466914
"Aggarwal Eye Hospital , Vile Parle",0,0,Maharashtra,Mumbai,0,19.1100258,72.8495392
Ashish Maternity and Nursing Home - Vile Parle (E),0,0,Maharashtra,Mumbai,0,19.0963781,72.8563994
Dr. Kirits Nursing Home-Vile Parle,0,0,Maharashtra,Mumbai,0,19.0963781,72.8563994
Dr. Umesh Nisar Dental Clinic,0,0,Maharashtra,Mumbai,0,,
Dr.Satish G.Desai,0,0,Maharashtra,Mumbai,0,,
Dr.Tushar Shah,0,0,Maharashtra,Mumbai,0,19.1043491,72.8464095
Kirit Nursing Home,0,0,Maharashtra,Mumbai,0,19.0963781,72.8563994
Navjivan Maternity and Surgical Nursing Home,0,0,Maharashtra,Mumbai,0,19.0963781,72.8563994
Nityanand Iccu and Nursing Home,0,0,Maharashtra,Mumbai,0,,
Parle Eye Hospital,0,0,Maharashtra,Mumbai,0,19.1007327,72.8484152
Sarafs Diagnostic Center,0,0,Maharashtra,Mumbai,0,19.1021198,72.8447758
Sarda Clinic,0,0,Maharashtra,Mumbai,0,19.0759837,72.8776559
Saurabh Sanjanwala`S Maternity Gync.and Surgical Nur,0,0,Maharashtra,Mumbai,0,19.1084218,72.8485457
Shreeji Associates C/O Dr Ranes Nursing Home,0,0,Maharashtra,Mumbai,0,19.095176,72.8499645
Smt. Laxmiben Dharamsi Karsan Gala Eye Hospital,0,0,Maharashtra,Mumbai,0,19.0963781,72.8563994
Sunder Pathology Laboratory,0,0,Maharashtra,Mumbai,0,19.0963781,72.8563994
Vasudev Eye Clinic,0,0,Maharashtra,Mumbai,0,19.0963781,72.8563994
Vivek Pathology Laboratory,0,0,Maharashtra,Mumbai,0,19.1024496,72.8499878
Aastha Nursing Home - Andheri,0,0,Maharashtra,Mumbai,0,19.1363246,72.82766
Bses Mg Hospital (Managed By)Brahma Kumari Global Hospital and Res Center,0,0,Maharashtra,Mumbai,0,19.1198548,72.8464601
Doctor Eye Hospital,0,0,Maharashtra,Mumbai,0,19.1363246,72.82766
Dr Eye Institute Pvi Ltd,0,0,Maharashtra,Mumbai,0,19.1363246,72.82766
Dr Gadams Nursing Home,0,0,Maharashtra,Mumbai,0,19.1363246,72.82766
Dr Parmars Surgical Hospital,0,0,Maharashtra,Mumbai,0,19.1166476,72.8427744
Dr. Kirit Ichhashanker Oza - Andheri,0,0,Maharashtra,Mumbai,0,19.1363246,72.82766
Dr. Patel Nursing Home,0,0,Maharashtra,Mumbai,0,19.1363246,72.82766
Dr. Vaidya Eye Hospital,0,0,Maharashtra,Mumbai,0,,
Eye And Contact Lens Clinic,0,0,Maharashtra,Mumbai,0,19.1198548,72.8464601
Kaveri Eye Care Centre,0,0,Maharashtra,Mumbai,0,19.1363246,72.82766
Ladies Clinic and Hospital,0,0,Maharashtra,Mumbai,0,,
Masrani Clinic For Women and Mimas,0,0,Maharashtra,Mumbai,0,19.1152002,72.844139
Mediwavw Clinic,0,0,Maharashtra,Mumbai,0,19.1363246,72.82766
Nivaran Hospital,0,0,Maharashtra,Mumbai,0,,
Patil Hospital,0,0,Maharashtra,Mumbai,0,19.1363246,72.82766
Prime Speciality Hospital,0,0,Maharashtra,Mumbai,0,15.9647156,74.0035709
Purandare Hospital,0,0,Maharashtra,Mumbai,0,19.1295475,72.822229
R.G. Scientific Enterprises Ltd,0,0,Maharashtra,Mumbai,0,19.1366248,72.8363278
Roshni Eye Hospital,0,0,Maharashtra,Mumbai,0,19.113645,72.8697339
Sainath Polyclinic,0,0,Maharashtra,Mumbai,0,19.1363246,72.82766
Sangeeta Maternity Surgical and Diagnostic Centre,0,0,Maharashtra,Mumbai,0,19.113645,72.8697339
Society Of The Helpers Of Mary Shraddha Vihar Hosp,0,0,Maharashtra,Mumbai,0,19.1198548,72.8464601
Srl Ranbaxy Ltd,0,0,Maharashtra,Mumbai,0,19.1185922,72.872193
Sushrut Clinic Orthosurgical Nursing Home,0,0,Maharashtra,Mumbai,0,19.0759837,72.8776559
Swati Eye Clinic,0,0,Maharashtra,Mumbai,0,19.1363246,72.82766
Unique Hospital And Polyclinic,0,0,Maharashtra,Mumbai,0,,
Vibha Maternity And Surgical Nursing Home,0,0,Maharashtra,Mumbai,0,19.1363246,72.82766
Vishal X-Ray Clinic,0,0,Maharashtra,Mumbai,0,19.1363246,72.82766
Ameya Surgical and General Nursing Home,0,0,Maharashtra,Mumbai,0,19.104219,72.864046
Chiranjeevi Nursing Home,0,0,Maharashtra,Mumbai,0,19.113645,72.8697339
Dadhich Nursing Home,0,0,Maharashtra,Mumbai,0,19.1081099,72.8677512
Diamond Hospital,0,0,Maharashtra,Mumbai,0,19.1405116,72.8421555
Dr Desai Eye Clinic and Phacoemulsification Center,0,0,Maharashtra,Mumbai,0,,
Dr Goels Maternity and General Hospital,0,0,Maharashtra,Mumbai,0,19.1099032,72.8650609
Dr Punjabis Laboratory,0,0,Maharashtra,Mumbai,0,19.1154908,72.8726952
Dr.Pintos Pathological Laboratory,0,0,Maharashtra,Mumbai,0,19.1213135,72.8797755
Dr.Sandip Anand,0,0,Maharashtra,Mumbai,0,19.1110621,72.8655922
Kiran Care and Cure Hospital,0,0,Maharashtra,Mumbai,0,19.1110621,72.8655922
Mukund Maternity And Surgical Nursing Home,0,0,Maharashtra,Mumbai,0,19.1198548,72.8464601
Nutan Mammography And Sonography Centre,0,0,Maharashtra,Mumbai,0,19.113645,72.8697339
Paramount General Hospital and Icu,0,0,Maharashtra,Mumbai,0,19.1154908,72.8726952
Priyanka Maternity And Surgical Nursing Home,0,0,Maharashtra,Mumbai,0,,
Rachana Maternity Paediatric and Surgical Nursing Ho,0,0,Maharashtra,Mumbai,0,19.1110621,72.8655922
Ratika Hospital and Research Center Pvt Ltd,0,0,Maharashtra,Mumbai,0,,
Rg Stone Urology And Laparoscopy Hospital,0,0,Maharashtra,Mumbai,0,19.1338837,72.8376429
Saish Nursing Home and Icu,0,0,Maharashtra,Mumbai,0,19.1188585,72.8802146
Sevenhills Healthcare Private Limited,0,0,Maharashtra,Mumbai,0,19.1163793,72.8798583
Spectacles And Contact Lens Clinic,0,0,Maharashtra,Mumbai,0,19.1131214,72.867009
"Sugun Hospital Multispeciality Diagnostic, Icu",0,0,Maharashtra,Mumbai,0,19.1165713,72.8825342
Umang Maternity And Surgical Nursing Home -Andheri (E),0,0,Maharashtra,Mumbai,0,19.1154908,72.8726952
Ashish Eye Hospital,0,0,Maharashtra,Mumbai,0,,
Dr Mandot Modern Clinical Pathology Laboratory,0,0,Maharashtra,Mumbai,0,19.1738547,72.8476718
Dr. Kamats Hospital - Jogeshwari - Mumbai,0,0,Maharashtra,Mumbai,0,19.1364893,72.8488709
Dr. Kulkarni Hospital,0,0,Maharashtra,Mumbai,0,19.043902,72.8681195
Dr. Shindes Childrens Hospital And Nicu,0,0,Maharashtra,Mumbai,0,19.1364893,72.8488709
Global Diagnostic Centre,0,0,Maharashtra,Mumbai,0,19.0759837,72.8776559
Kokan Hospital,0,0,Maharashtra,Mumbai,0,,
Parulekar Maternity And Surgical Nursing Home - Mumbai,0,0,Maharashtra,Mumbai,0,19.1315933,72.8498738
A.E.Kalsekar Hospital,0,0,Maharashtra,Mumbai,0,19.1379278,72.8101762
Mahima Hospital and Polyclinic,0,0,Maharashtra,Mumbai,0,19.1306458,72.8184455
Mamta Maternity and Nursing Home,0,0,Maharashtra,Mumbai,0,19.0759837,72.8776559
Piyush Hospital,0,0,Maharashtra,Mumbai,0,,
Saket Maternity and Nursing Home,0,0,Maharashtra,Mumbai,0,,
The Clinique and Nursing Home - Andheri,0,0,Maharashtra,Mumbai,0,19.1350852,72.8146101
Dr. (Mrs.) S.D.Patki Clinic,0,0,Maharashtra,Mumbai,0,19.1699919,72.8497757
Dr.Ganaskars Pathology Laboratory,0,0,Maharashtra,Mumbai,0,19.0759837,72.8776559
Enclave Maternity Home,0,0,Maharashtra,Mumbai,0,19.1691237,72.8754694
Eye Smile Clinic,0,0,Maharashtra,Mumbai,0,19.1733185,72.8730215
Gokuldham Medical Centre,0,0,Maharashtra,Mumbai,0,19.1737578,72.8597274
Kanchi Nursing Home,0,0,Maharashtra,Mumbai,0,19.1551485,72.8678551
Life Line Medicare Hospital Pvt Ltd,0,0,Maharashtra,Mumbai,0,,
Sai Sparsh Critical Care Centre,0,0,Maharashtra,Mumbai,0,,
Sudha Hospital and Polyclinic,0,0,Maharashtra,Mumbai,0,19.1737578,72.8597274
Surya Eye Clinic,0,0,Maharashtra,Mumbai,0,19.1745143,72.862324
Tushar Nursing Home,0,0,Maharashtra,Mumbai,0,,
Vishwa Kripa Hospital,0,0,Maharashtra,Mumbai,0,,
Yashada Maternity and Surgical Home,0,0,Maharashtra,Mumbai,0,19.1509735,72.8758099
Aashirwad Nursing Home,0,0,Maharashtra,Mumbai,0,,
Abhijit Hospital,0,0,Maharashtra,Mumbai,0,19.1874689,72.8422219
Adarsh Hospital,0,0,Maharashtra,Mumbai,0,19.1963422,72.8105333
Advanced Orthopaedic Centre,0,0,Maharashtra,Mumbai,0,19.1827551,72.8401539
Agrawal Eye Hospital,0,0,Maharashtra,Mumbai,0,,
Ahura Nursing Home,0,0,Maharashtra,Mumbai,0,,
Akshar Eye Clinic P P N,0,0,Maharashtra,Mumbai,0,,
Amar Nursing Home,0,0,Maharashtra,Mumbai,0,,
Bahl Nursing Home - Malad (W),0,0,Maharashtra,Mumbai,0,,
Darshan Orthopaedic and Surgical Clinic - Malad (W),0,0,Maharashtra,Mumbai,0,,
Dr Pagruts Fracture Orthopaedic And Surgical Hospital,0,0,Maharashtra,Mumbai,0,,
Dr Panchals Ishita Nursing Home,0,0,Maharashtra,Mumbai,0,,
Dr. Bet Hospital and Polyclinic,0,0,Maharashtra,Mumbai,0,,
"Dr. Manoj Shah , Fractureaccident - Orthopaedic",0,0,Maharashtra,Mumbai,0,19.1016472,72.8500491
Dr. Paralkars Shree Surgical and Maternity Nursing Home - Malad (W),0,0,Maharashtra,Mumbai,0,,
Dr. Vasa Hospital,0,0,Maharashtra,Mumbai,0,19.1963422,72.8105333
Dr.Guptas Nursing Home,0,0,Maharashtra,Mumbai,0,19.1749892,72.8451337
Dr.Ronak Prakash Bhandari,0,0,Maharashtra,Mumbai,0,19.1834939,72.8357436
Ear-Nose-Throat And Eye Clinic,0,0,Maharashtra,Mumbai,0,19.180237,72.8554149
Elite Maternity Home and Polyclinic,0,0,Maharashtra,Mumbai,0,,
Evershine Nursing Home,0,0,Maharashtra,Mumbai,0,19.1928391,72.8330873
Fracture - Accident - Orthopaedic Hospital,0,0,Maharashtra,Mumbai,0,,
Girnar Orthopaedic Surgical Hospital,0,0,Maharashtra,Mumbai,0,,
Ishita Nursing Home,0,0,Maharashtra,Mumbai,0,,
Janhvi Nursing Home,0,0,Maharashtra,Mumbai,0,19.185155,72.8422978
Jay Polyclinic Surgical and Maternity Nursing Home and Iccu,0,0,Maharashtra,Mumbai,0,19.1840599,72.846178
Khandelwal Ent and General Hospital and Polyclinic,0,0,Maharashtra,Mumbai,0,19.1827551,72.8401539
Kumta Eye and Retina Clinic and Laser Center,0,0,Maharashtra,Mumbai,0,,
Le Nest,0,0,Maharashtra,Mumbai,0,19.1757956,72.8419473
Lifeline Hospital Heart Insititute and Diagnostic Centre,0,0,Maharashtra,Mumbai,0,19.1827551,72.8401539
Maa Nursing Home And Netrajyoti Eyecare Centre - Mumbai,0,0,Maharashtra,Mumbai,0,,
Manish Nursing Home,0,0,Maharashtra,Mumbai,0,19.1853044,72.8470214
Manorama Hospital,0,0,Maharashtra,Mumbai,0,,
Navkar Child Care Centre and Nursing Home,0,0,Maharashtra,Mumbai,0,19.1843832,72.8362572
Neelam Nursing Home (Lenest) - Malad (W),0,0,Maharashtra,Mumbai,0,19.2254953,72.8544636
Neon Critical Care,0,0,Maharashtra,Mumbai,0,19.2019275,72.8190866
New Hope Fertility andIvf Center,0,0,Maharashtra,Mumbai,0,,
Nirman Diagnostic Imaging Centre,0,0,Maharashtra,Mumbai,0,19.1827551,72.8401539
Puranik Hospital,0,0,Maharashtra,Mumbai,0,19.1878099,72.845366
Rahul Eye Clinic,0,0,Maharashtra,Mumbai,0,19.13654,72.847579
Rajathani Seva Samiti,0,0,Maharashtra,Mumbai,0,19.1827551,72.8401539
Riddhi Vinayak Critical Care And Cardiac Centre - Mumbai,0,0,Maharashtra,Mumbai,0,,
Royal Health Care Pvt Ltd,0,0,Maharashtra,Mumbai,0,,
"Sahu Eye Hospital Branch Of Kamal Netralaya Pvt. Ltd.,",0,0,Maharashtra,Mumbai,0,,
Saraogi Maternity and General Hospital,0,0,Maharashtra,Mumbai,0,19.1897322,72.8460784
Saraswati Hospital,0,0,Maharashtra,Mumbai,0,,
Shah Fracture-Orthopaedic Hospital,0,0,Maharashtra,Mumbai,0,,
Shree Surgical and Maternity Nursing Home,0,0,Maharashtra,Mumbai,0,,
Shreeji Eye Clinic Phako Surgery Centre,0,0,Maharashtra,Mumbai,0,,
Suburban Diagnostics India Pvt Ltd,0,0,Maharashtra,Mumbai,0,,
Sunflowar Laboratory and Diagnostic Centre,0,0,Maharashtra,Mumbai,0,19.1827551,72.8401539
Surana Hospital And Research Centre,0,0,Maharashtra,Mumbai,0,19.1980732,72.8426229
The Healthcare and Diagnostic Center,0,0,Maharashtra,Mumbai,0,,
The Laser Vision Centre,0,0,Maharashtra,Mumbai,0,,
Vardhaman Iccu And Nursing Home,0,0,Maharashtra,Mumbai,0,,
Vinayak Maternity and General Hospital,0,0,Maharashtra,Mumbai,0,19.1827551,72.8401539
Yogi Eyecare Clinic,0,0,Maharashtra,Mumbai,0,,
Zenith Hospital,0,0,Maharashtra,Mumbai,0,,
Clear Vision Eye Center,0,0,Maharashtra,Mumbai,0,19.0781122,72.8319933
Dhanshri Hospital,0,0,Maharashtra,Mumbai,0,19.2222802,72.8544895
Doshi Maternity Nursing Home,0,0,Maharashtra,Mumbai,0,,
Dr Baliga Nursing Home,0,0,Maharashtra,Mumbai,0,19.164269,72.8454471
"Dr Shah""S Eye and Laser Center",0,0,Maharashtra,Mumbai,0,,
Jain Hospital and Medical Research Center,0,0,Maharashtra,Mumbai,0,19.0759837,72.8776559
Jhanvi Nursing Home and Iccu,0,0,Maharashtra,Mumbai,0,,
Kolekar Hospiatl,0,0,Maharashtra,Mumbai,0,19.0599156,72.9011119
Om Gangagiri Hospital,0,0,Maharashtra,Mumbai,0,,
Omkar Eye Care Center,0,0,Maharashtra,Mumbai,0,19.171536,72.9528553
Pratik Hospital and Maternity Home,0,0,Maharashtra,Mumbai,0,19.1998211,72.842594
Sai Sanjivani Criticare Hospital,0,0,Maharashtra,Mumbai,0,,
Saibaba Hospital and Polyclinic,0,0,Maharashtra,Mumbai,0,,
Shaha Children Hospital,0,0,Maharashtra,Mumbai,0,,
Shri Siddhi Vinayak Orthopaedic Hospital,0,0,Maharashtra,Mumbai,0,24.5446027,73.6956989
Suyash Surgiacal and Maternity Home,0,0,Maharashtra,Mumbai,0,19.032803,73.1012153
Anand Nursing Home - Borivali (E),0,0,Maharashtra,Mumbai,0,19.2240612,72.8666469
"Ankit Fracture, Maternity and Surgical Hospital",0,0,Maharashtra,Mumbai,0,19.2240612,72.8666469
Asian Eye Institute And Laser Centre,0,0,Maharashtra,Mumbai,0,19.2318937,72.8586904
Crystal Hospitals,0,0,Maharashtra,Mumbai,0,19.2240612,72.8666469
"Dr Parikhs Maternity, Gynaec, and General Hospital",0,0,Maharashtra,Mumbai,0,19.2229268,72.8574421
"Dr. Mehta,S Maternity Home",0,0,Maharashtra,Mumbai,0,19.0759837,72.8776559
Elite Hospital - Mumbai - Borivali (W),0,0,Maharashtra,Mumbai,0,,
Mohit Hospital and Heart Centre,0,0,Maharashtra,Mumbai,0,19.234019,72.8643053
Mukti Nursing Home,0,0,Maharashtra,Mumbai,0,19.0759837,72.8776559
Narendra Hospital,0,0,Maharashtra,Mumbai,0,19.0759837,72.8776559
"National Hospital, Borivli",0,0,Maharashtra,Mumbai,0,,
Navjeevan Global Heart Centre,0,0,Maharashtra,Mumbai,0,19.2224441,72.8600404
Nirmay Mother Care Centre,0,0,Maharashtra,Mumbai,0,19.2219048,72.842968
Parijat Child Health Clinic,0,0,Maharashtra,Mumbai,0,19.2559121,72.8749632
Parmar Hospital,0,0,Maharashtra,Mumbai,0,19.2300126,72.8619097
Purnima Hospital,0,0,Maharashtra,Mumbai,0,19.2360202,72.8606066
Qualitas Diagnostics Center,0,0,Maharashtra,Mumbai,0,19.2240612,72.8666469
Raj Jyoti Heart Hospital,0,0,Maharashtra,Mumbai,0,,
Ratika Hospital and Research Centre,0,0,Maharashtra,Mumbai,0,19.2240612,72.8666469
Riddhi Eye Clinic,0,0,Maharashtra,Mumbai,0,19.2240612,72.8666469
Robindra Nursing Home,0,0,Maharashtra,Mumbai,0,19.2240612,72.8666469
Roshni Eye Clinic,0,0,Maharashtra,Mumbai,0,19.2277398,72.8594058
Saurin Hospital,0,0,Maharashtra,Mumbai,0,,
Shivam Eye Care Centre,0,0,Maharashtra,Mumbai,0,19.2240612,72.8666469
Shree Krishna Hospital,0,0,Maharashtra,Mumbai,0,19.2371877,72.8441358
Shri K V O Jain Manav Seva Kendra Navneet Hospital,0,0,Maharashtra,Mumbai,0,19.2240612,72.8666469
Sumeet Nursing Home,0,0,Maharashtra,Mumbai,0,19.0759837,72.8776559
Utkarsh Nursing Home,0,0,Maharashtra,Mumbai,0,19.2248364,72.8566481
Aditya Eye Clinic,0,0,Maharashtra,Mumbai,0,,
Akshar Eye Clinic,0,0,Maharashtra,Mumbai,0,19.1998211,72.842594
Anand Nursing Home,0,0,Maharashtra,Mumbai,0,,
Ankur Hospital,0,0,Maharashtra,Mumbai,0,,
Arya Womens Health Care Centre Surgical And Maternity Home,0,0,Maharashtra,Mumbai,0,,
Bhatia Maternity and Ivf Centre,0,0,Maharashtra,Mumbai,0,19.1980732,72.8426229
Cocoon Lyfcare,0,0,Maharashtra,Mumbai,0,,
Dr Reena Mokal Nursing Home and Polyclinic,0,0,Maharashtra,Mumbai,0,19.2153192,72.8152087
Dr. Vora`S Premature Critical Care and General Hospital,0,0,Maharashtra,Mumbai,0,19.2077867,72.8423686
Dwarkesh Nursing Home,0,0,Maharashtra,Mumbai,0,,
Gayatri Maternity and Gynaec Clinic,0,0,Maharashtra,Mumbai,0,19.2100454,72.8183494
Grace Maternity and Nursing Home - Kandivli (W),0,0,Maharashtra,Mumbai,0,19.2064817,72.8384842
Gyatri Maternity and Gynaec Clinc,0,0,Maharashtra,Mumbai,0,19.2100454,72.8183494
Hi-Tech Urology Centre,0,0,Maharashtra,Mumbai,0,,
Jay Maternity and Nursing Home,0,0,Maharashtra,Mumbai,0,,
Jaydeep Eye and Physiotherapy Clinic - Kandivli,0,0,Maharashtra,Mumbai,0,19.0759837,72.8776559
Jobanputra Nursing Home,0,0,Maharashtra,Mumbai,0,19.206912,72.850038
Kanchanganga Polyclinic and Nursing H0Me,0,0,Maharashtra,Mumbai,0,19.0759837,72.8776559
Khm Medical Centre Shree Kandivli Hitwardhak Mandal Kandivali,0,0,Maharashtra,Mumbai,0,,
Kirti Nursing Home,0,0,Maharashtra,Mumbai,0,30.7346267,79.0668943
Kshar Eye Clinic,0,0,Maharashtra,Mumbai,0,,
"Matushree Maternity, Surgical and General Nursing Home",0,0,Maharashtra,Mumbai,0,,
Medicenter Nursing Home,0,0,Maharashtra,Mumbai,0,19.0759837,72.8776559
Mediheights Health Care Foundation,0,0,Maharashtra,Mumbai,0,,
Mediheights Shreeji Healthcare Hospitals Private Limited,0,0,Maharashtra,Mumbai,0,,
Nidhi Nursing Home and Iccu,0,0,Maharashtra,Mumbai,0,19.2063004,72.841578
Paarth Hospital,0,0,Maharashtra,Mumbai,0,19.1998211,72.842594
Panorama Eye Clinic Superspeciality Eye Care,0,0,Maharashtra,Mumbai,0,19.206847,72.8443572
Paras Nuriing Home,0,0,Maharashtra,Mumbai,0,,
Parvatibai Chavan Charitable Trust - Kandivli,0,0,Maharashtra,Mumbai,0,19.0759837,72.8776559
Raichura Prasuti Gruha,0,0,Maharashtra,Mumbai,0,19.0759837,72.8776559
Sai Pratik Surgical Clinic - Kandivli (W),0,0,Maharashtra,Mumbai,0,,
Sai Vilayatrai Charitable Polyclinc,0,0,Maharashtra,Mumbai,0,19.2019348,72.8446558
Saraswati Hospital(Kandivali),0,0,Maharashtra,Mumbai,0,19.1998211,72.842594
Shah Surgical Hospital and Maternity Home P. Ltd.,0,0,Maharashtra,Mumbai,0,19.2039462,72.8492897
Shakuntala Bhatia Maternity and Gen Hospital,0,0,Maharashtra,Mumbai,0,,
Shivam Nursing Home,0,0,Maharashtra,Mumbai,0,19.0759837,72.8776559
Shree Krishna Hospital - Kandivali,0,0,Maharashtra,Mumbai,0,19.1936411,72.8435167
Shree Nagesh Childrens Hospital,0,0,Maharashtra,Mumbai,0,19.2177774,72.8301306
Sumangal Hospital,0,0,Maharashtra,Mumbai,0,19.1998211,72.842594
Swapneel Nursing Home,0,0,Maharashtra,Mumbai,0,19.0759837,72.8776559
Vinayak Nursing Home`,0,0,Maharashtra,Mumbai,0,19.2050369,72.8389113
Vrindavan Nursing Home,0,0,Maharashtra,Mumbai,0,,
Abhinav Sushrut Hospital,0,0,Maharashtra,Mumbai,0,19.2540545,72.8620298
Akshit Maternity Home,0,0,Maharashtra,Mumbai,0,19.2542542,72.8646698
Anand Maternity And Nursing Home - Mumbai,0,0,Maharashtra,Mumbai,0,19.4945979,72.8604097
Arihant Eye Care Centre,0,0,Maharashtra,Mumbai,0,,
Ashirwad Maternity and Nursing Home - Dahisar,0,0,Maharashtra,Mumbai,0,19.2539332,72.8672448
Balaji Polyclinic and Criticare Centre,0,0,Maharashtra,Mumbai,0,19.2406676,72.8685001
Dr Ajay Shah Pathology,0,0,Maharashtra,Mumbai,0,19.2539332,72.8672448
Dr Mandar Pandit Clinic,0,0,Maharashtra,Mumbai,0,19.2530795,72.8575571
Dr Worlikar's Shree Surgical and General Nursing Home,0,0,Maharashtra,Mumbai,0,19.2539332,72.8672448
Dr. M. L Dhawale Memorial Trust,0,0,Maharashtra,Mumbai,0,19.2512619,72.8601956
Dr.Nikams Eye Care And Laser Centre,0,0,Maharashtra,Mumbai,0,19.2511357,72.8575344
Jai Ambe Poly Clinic Nursing Home and Maternity Hosp,0,0,Maharashtra,Mumbai,0,19.2539332,72.8672448
Kk Maternity And General Hospital,0,0,Maharashtra,Mumbai,0,19.2467802,72.8610276
"Life Line Hospital - Dahisar,Mumbai",0,0,Maharashtra,Mumbai,0,19.2539332,72.8672448
Namitha Polyclinic and Hospital,0,0,Maharashtra,Mumbai,0,19.2539332,72.8672448
Navdurga Fracture And Accident Centre,0,0,Maharashtra,Mumbai,0,19.2539332,72.8672448
Navjeevan Urology and Stone Care Centre,0,0,Maharashtra,Mumbai,0,19.1551485,72.8678551
Navneet Hi-Tech,0,0,Maharashtra,Mumbai,0,19.2539332,72.8672448
Rohit Nursing Home - Dahisar,0,0,Maharashtra,Mumbai,0,19.2515368,72.8637467
Sanghavi Eye and Diabetes Care Center,0,0,Maharashtra,Mumbai,0,19.2539332,72.8672448
Sanjivani Hospital,0,0,Maharashtra,Mumbai,0,,
Shri K.V.O.Jain Manav Seva Kendra Navneet High -Te,0,0,Maharashtra,Mumbai,0,19.255128,72.8568499
Sukhsagar Hospital,0,0,Maharashtra,Mumbai,0,19.2564386,72.8546344
Total Woman Medical Centre - Dahisar,0,0,Maharashtra,Mumbai,0,19.243804,72.865917
Vdurga Fracture And Accident Centre,0,0,Maharashtra,Mumbai,0,19.2539332,72.8672448
Vijay Polyclinic and Care Centre,0,0,Maharashtra,Mumbai,0,19.2539332,72.8672448
Vishwanath Hospital,0,0,Maharashtra,Mumbai,0,19.2434168,72.8671305
Amardeep Nursing Home,0,0,Maharashtra,Mumbai,0,,
Carewell Nursing Home,0,0,Maharashtra,Mumbai,0,19.1123849,72.8669884
Dr. M.C.Desai Eye Clinic and Microsurgury Eye Centre,0,0,Maharashtra,Mumbai,0,19.1188585,72.8802146
E N T Clinic and Deafness Center,0,0,Maharashtra,Mumbai,0,19.1154908,72.8726952
Jain Nursing Home,0,0,Maharashtra,Mumbai,0,19.1211714,72.853548
Kripa Eye Clinic,0,0,Maharashtra,Mumbai,0,19.1088116,72.8560975
Laxmi Mirat Eye Clinic And Day Care Centre,0,0,Maharashtra,Mumbai,0,19.109114,72.8575199
M.M.Hospital,0,0,Maharashtra,Mumbai,0,19.2371877,72.8441358
Mahesh Hospital,0,0,Maharashtra,Mumbai,0,,
Mangala Nursing Home,0,0,Maharashtra,Mumbai,0,19.1154908,72.8726952
"Parvish Nursing Home Pvt Ltd, Mumbai",0,0,Maharashtra,Mumbai,0,,
Patel Nursing Home  Andheri (E),0,0,Maharashtra,Mumbai,0,19.1154908,72.8726952
Raj Nursing Home,0,0,Maharashtra,Mumbai,0,,
Sadanand Danait Hospital,0,0,Maharashtra,Mumbai,0,19.1097442,72.8484128
Saheli Clinic,0,0,Maharashtra,Mumbai,0,19.1154908,72.8726952
Sanjeevani Hospital,0,0,Maharashtra,Mumbai,0,19.1009869,72.8651933
Satyam Hospital,0,0,Maharashtra,Mumbai,0,,
Shakuntala Memorial Surgical Childerns and General Hospital,0,0,Maharashtra,Mumbai,0,19.1269161,72.8670933
Tripura Nursing Home,0,0,Maharashtra,Mumbai,0,19.1154908,72.8726952
City Hospital And Reserch Centre,0,0,Maharashtra,Mumbai,0,19.0754649,72.8770505
Dr .Desais Nursing Home,0,0,Maharashtra,Mumbai,0,19.0625228,72.8829242
Dr A Tungekars Hospital (Uran),0,0,Maharashtra,Mumbai,0,18.8797841,72.9398358
Dr Patvas Sushila Hospital Icu and Maternity,0,0,Maharashtra,Mumbai,0,,
Dr Shehnaz Shaikh Clinic,0,0,Maharashtra,Mumbai,0,19.0707532,72.8781322
Fauziya Hospital,0,0,Maharashtra,Mumbai,0,,
Hamidani Laser Vision Centre,0,0,Maharashtra,Mumbai,0,19.0707532,72.8781322
Kohinoor Hospital,0,0,Maharashtra,Mumbai,0,19.0822947,72.8950556
Neelam Nursing Home and Iccu,0,0,Maharashtra,Mumbai,0,,
Royal Nursing Home,0,0,Maharashtra,Mumbai,0,,
Sharada Nursing Home.,0,0,Maharashtra,Mumbai,0,,
Shrushti Clinic and Microsurgery Centre,0,0,Maharashtra,Mumbai,0,19.0759837,72.8776559
Sunder Childrens Nursing Home,0,0,Maharashtra,Mumbai,0,19.0707532,72.8781322
Suraj Clinic,0,0,Maharashtra,Mumbai,0,,
Sushila Hospital-Icu and Maternity,0,0,Maharashtra,Mumbai,0,,
V Care Hospital and Icu,0,0,Maharashtra,Mumbai,0,,
Well Care Nursing Home,0,0,Maharashtra,Mumbai,0,,
Aditya Health Care,0,0,Maharashtra,Mumbai,0,19.0327996,72.8963568
Ashirwad Hospital and Polyclinic,0,0,Maharashtra,Mumbai,0,19.0506517,72.9103754
Bhatti Eye Clinic,0,0,Maharashtra,Mumbai,0,19.0453626,72.9115246
Day Care Eye Clinic(Dr.S.V.Sharma Eye Clini),0,0,Maharashtra,Mumbai,0,19.0825013,72.8387327
Daycare Angels,0,0,Maharashtra,Mumbai,0,19.0552812,72.8892082
Diamond Polyclinic and Nursing Home,0,0,Maharashtra,Mumbai,0,19.0327996,72.8963568
Disha Polyclinic and Nursing Home,0,0,Maharashtra,Mumbai,0,19.0327996,72.8963568
Dr (Mrs) Shubha S Rao,0,0,Maharashtra,Mumbai,0,28.6960904,77.0764585
Dr Kedares Maternity and General Nursing Home,0,0,Maharashtra,Mumbai,0,19.0604892,72.898177
Dr Mekhales Dhanvantari Hospital,0,0,Maharashtra,Mumbai,0,19.0585864,72.9078832
Dr Smita Mukherjees Eye Clinic,0,0,Maharashtra,Mumbai,0,19.0327996,72.8963568
Dr Suresh C Anand Clinic,0,0,Maharashtra,Mumbai,0,19.05161,72.8911931
Dr. Amins Clinic,0,0,Maharashtra,Mumbai,0,18.9243376,72.8239698
Dr. Das Hospital - Chembur (Mumbai),0,0,Maharashtra,Mumbai,0,19.0327996,72.8963568
Dr. Sanjay Sonars Laproscopy and Scopy Centre,0,0,Maharashtra,Mumbai,0,19.0327996,72.8963568
Dr. Shubha Rao,0,0,Maharashtra,Mumbai,0,19.0327996,72.8963568
Excel Urology Centre,0,0,Maharashtra,Mumbai,0,19.0327996,72.8963568
Hegde Hospital Surgical and Maternity Nursing Home,0,0,Maharashtra,Mumbai,0,19.0327996,72.8963568
Icon Hospital and Research Centre,0,0,Maharashtra,Mumbai,0,19.0327996,72.8963568
Joy Hospital Pvt. Ltd.,0,0,Maharashtra,Mumbai,0,,
Kamran Nursing Home,0,0,Maharashtra,Mumbai,0,18.9722585,72.8311737
Kolekar Nursing Home,0,0,Maharashtra,Mumbai,0,19.0593495,72.9068556
L.C.Maneks Polyclinic and Nursing Home,0,0,Maharashtra,Mumbai,0,,
Laproscopy and Scopy Center,0,0,Maharashtra,Mumbai,0,19.0327996,72.8963568
Laxmi Maternity Home,0,0,Maharashtra,Mumbai,0,19.0327996,72.8963568
Lc Manek's Polyclinic And Nursing Home,0,0,Maharashtra,Mumbai,0,19.0327996,72.8963568
Lion Vithal Kalgutkar Medical Centre,0,0,Maharashtra,Mumbai,0,19.0327996,72.8963568
Mandakini Nuclear Imaging Centre,0,0,Maharashtra,Mumbai,0,19.0552812,72.8892082
Mangal Anand Hospital,0,0,Maharashtra,Mumbai,0,19.0533749,72.897061
Narurkar Ent Hospital,0,0,Maharashtra,Mumbai,0,19.0539989,72.9053186
Navnit Clinic (Dr. Parihar Eye and Ent,0,0,Maharashtra,Mumbai,0,19.0327996,72.8963568
Neurogen Brain And Spine Institute,0,0,Maharashtra,Mumbai,0,19.0536352,72.8851743
Niramaya General Hospital,0,0,Maharashtra,Mumbai,0,19.0327996,72.8963568
Oma Hospital,0,0,Maharashtra,Mumbai,0,41.127833,-81.609844
Patankar Hand and Limb Reconstruction Clinic,0,0,Maharashtra,Mumbai,0,19.0327996,72.8963568
Rushabh Nursing Home and Eye Hospital,0,0,Maharashtra,Mumbai,0,19.059862,72.9005605
Sai Kripa Childrens Hospital,0,0,Maharashtra,Mumbai,0,18.9626907,72.8129124
Shree Chembur Jain Medical Relief Centre,0,0,Maharashtra,Mumbai,0,19.0327996,72.8963568
Sitla Hospital,0,0,Maharashtra,Mumbai,0,19.0521897,72.8915977
Sumitra Eye Clinic,0,0,Maharashtra,Mumbai,0,19.0327996,72.8963568
Sunny Childrens Hospital,0,0,Maharashtra,Mumbai,0,,
Surendra Nursing Home,0,0,Maharashtra,Mumbai,0,,
Swastik Hospital and Research Centre,0,0,Maharashtra,Mumbai,0,19.0552812,72.8892082
Tandon Hospital,0,0,Maharashtra,Mumbai,0,19.058879,72.900615
Varsha Gandre Parekh Maternity and Surgical Hospital,0,0,Maharashtra,Mumbai,0,19.0573721,72.8981332
Yash Eye Care And Polyclinic,0,0,Maharashtra,Mumbai,0,19.0327996,72.8963568
Abhay Nursing Home,0,0,Maharashtra,Mumbai,0,19.1044022,72.8872491
Ashirwad Children And Surgical Hospital,0,0,Maharashtra,Mumbai,0,19.10648,72.88773
Balaji Specility Hospital,0,0,Maharashtra,Mumbai,0,,
Dr Priyanka Nursing Pvt Ltd,0,0,Maharashtra,Mumbai,0,19.0759837,72.8776559
J.P Hospital,0,0,Maharashtra,Mumbai,0,19.1245594,72.852967
S B Nursing Home and Icu,0,0,Maharashtra,Mumbai,0,19.1196773,72.9050809
Sindhu Maternity and Surgical Home,0,0,Maharashtra,Mumbai,0,,
Turfiya Hospital and Icu,0,0,Maharashtra,Mumbai,0,19.1281781,72.8876327
Dr. Shalini Jaisinghani Dental Surgeon - Chembur,0,0,Maharashtra,Mumbai,0,19.0327996,72.8963568
Dr.Bhute Nursing Home,0,0,Maharashtra,Mumbai,0,19.0208354,72.904425
Inlaks General Hospital,0,0,Maharashtra,Mumbai,0,19.0464362,72.8946608
Nayak Medicare - Chembur,0,0,Maharashtra,Mumbai,0,19.0327996,72.8963568
Sai Baba Hospital,0,0,Maharashtra,Mumbai,0,19.0208354,72.904425
Shiv Polyclinic and Nursing Home,0,0,Maharashtra,Mumbai,0,19.0327996,72.8963568
Spectrum Eye Care,0,0,Maharashtra,Mumbai,0,,
Universal Eye Clinic and Surgical Centre,0,0,Maharashtra,Mumbai,0,,
Dr. L.H. Hiranandani Hospital,0,0,Maharashtra,Mumbai,0,19.1374852,72.917394
Padmalaya Maternity and Surgical Home,0,0,Maharashtra,Mumbai,0,19.1196773,72.9050809
Powai Polyclinic and Hospital,0,0,Maharashtra,Mumbai,0,19.1254172,72.9170023
Saveshwari Hospital and Icu Multispeciality Family Healthcare,0,0,Maharashtra,Mumbai,0,61.505723,9.7841956
Sri Sai Eye Care Centre,0,0,Maharashtra,Mumbai,0,19.1196773,72.9050809
Aakar Ivf-Icsi Centre,0,0,Maharashtra,Mumbai,0,19.0792247,72.9057813
Advanced Orthopaedic and Super Speciality Center,0,0,Maharashtra,Mumbai,0,19.0796375,72.9070116
Ami Drashti Eye Care Centre,0,0,Maharashtra,Mumbai,0,19.0796375,72.9070116
Asha Polyclinic and Sheetal Nursing Home,0,0,Maharashtra,Mumbai,0,19.0796375,72.9070116
Ashirwad Heart Hospital,0,0,Maharashtra,Mumbai,0,19.0762268,72.9055233
"Ashwini Maternity and Surgical Hospital,Ghatkopar(E)",0,0,Maharashtra,Mumbai,0,19.0940687,72.9000241
Bakul Parekh Children's Hospital,0,0,Maharashtra,Mumbai,0,19.0791965,72.9037124
Cg Eye Foundaton and Shree Ghatkopar Brahman Samaj,0,0,Maharashtra,Mumbai,0,19.07907,72.907976
Dewang Nursing Home Pvt. Ltd.,0,0,Maharashtra,Mumbai,0,19.0796375,72.9070116
Dr Mehta Nursing Home,0,0,Maharashtra,Mumbai,0,19.0757557,72.9081922
Dr Walavalkars Nursing Home,0,0,Maharashtra,Mumbai,0,19.0796375,72.9070116
Dr. Dipak Desai's Ear Nose And Throat Hospital,0,0,Maharashtra,Mumbai,0,19.0820978,72.9067817
Dr. Prakash Doshis Fracture and Orthopaedic Nursing Home - Ghatkopar,0,0,Maharashtra,Mumbai,0,19.0796375,72.9070116
Dr. Walawalkars Nursing Home,0,0,Maharashtra,Mumbai,0,19.0796375,72.9070116
Dr.Amrish Mehta Diagnostic Centre,0,0,Maharashtra,Mumbai,0,19.0792247,72.9057813
Dr.Trivedi's Maternity and Nursing Home,0,0,Maharashtra,Mumbai,0,19.0792247,72.9057813
Excel Ent Hospital,0,0,Maharashtra,Mumbai,0,19.0796375,72.9070116
Eye Essential Hospital,0,0,Maharashtra,Mumbai,0,,
Hiren Mehta Eye Care Centre,0,0,Maharashtra,Mumbai,0,19.0796375,72.9070116
Jack-N-Jill Nursing Hoe - Ghatkopar -Mumbai,0,0,Maharashtra,Mumbai,0,19.0757557,72.9081922
Jain Eye Clinic,0,0,Maharashtra,Mumbai,0,19.0796375,72.9070116
Kamdar Nursing Home and Polyclinic Pvt. Ltd.,0,0,Maharashtra,Mumbai,0,19.0792247,72.9057813
Khushal Hospital And Maternity Home,0,0,Maharashtra,Mumbai,0,,
L V Prasad Eye Institute Collaborating Center,0,0,Maharashtra,Mumbai,0,19.0791764,72.9018877
Lotus Ent Hospital,0,0,Maharashtra,Mumbai,0,19.0796375,72.9070116
Malati Maternity Hospital,0,0,Maharashtra,Mumbai,0,19.0751377,72.9091436
Mandakini Ctscan Centre,0,0,Maharashtra,Mumbai,0,19.0813907,73.0004906
Mansu Maternity Home,0,0,Maharashtra,Mumbai,0,19.0759837,72.8776559
Mehta Eye Clinic Pvt Ltd,0,0,Maharashtra,Mumbai,0,,
National Inst. Of Endoscopic Surgery,0,0,Maharashtra,Mumbai,0,19.0796375,72.9070116
Nayan Eye Centre,0,0,Maharashtra,Mumbai,0,19.0770917,72.9080971
Parakh Hospital And Research Centre - Ghatkopar,0,0,Maharashtra,Mumbai,0,19.07907,72.907976
Parekh Eye Clinic and Child Clinic,0,0,Maharashtra,Mumbai,0,19.0796375,72.9070116
Sanghavi Laboratory,0,0,Maharashtra,Mumbai,0,19.0792247,72.9057813
Saraswati Eye Hospital,0,0,Maharashtra,Mumbai,0,22.3017014,73.2066838
Sushrut Hospital and Research Center,0,0,Maharashtra,Mumbai,0,19.0552812,72.8892082
Tara Neo Surg Hospital,0,0,Maharashtra,Mumbai,0,19.0796375,72.9070116
The Eye Super Specialities,0,0,Maharashtra,Mumbai,0,19.0796375,72.9070116
Vatsal Nicu and Childrens Hospital,0,0,Maharashtra,Mumbai,0,19.0796375,72.9070116
Amruta Maternity and Surgical Nursing Home,0,0,Maharashtra,Mumbai,0,19.1509879,72.9315251
Diamond Maternity and General Hospital,0,0,Maharashtra,Mumbai,0,19.1515624,72.9435765
Dr Bothra's Hospital,0,0,Maharashtra,Mumbai,0,19.1509879,72.9315251
Dr Mahajan Hospital and Industrial Trauma Center,0,0,Maharashtra,Mumbai,0,19.1425582,73.0120312
Dr Patanis Eye Clinic,0,0,Maharashtra,Mumbai,0,19.1509879,72.9315251
Dr. Bhatias Ruby Hospital - Bhandup - Mumbai,0,0,Maharashtra,Mumbai,0,19.1462082,72.9272317
Dr. Kolhes Eye Clinic - Bhandup,0,0,Maharashtra,Mumbai,0,19.1509879,72.9315251
Dr. Malwankar's Romeen Nursing Home,0,0,Maharashtra,Mumbai,0,19.1509879,72.9315251
Dr. Thakurs Ear Nose Throat Clinic And Hospital - Bhandup (W) Mumbai,0,0,Maharashtra,Mumbai,0,19.1470738,72.9389442
Dr.Badwaiks Maternity and General Hospital,0,0,Maharashtra,Mumbai,0,19.1424376,72.9327673
Dr.Bhatia's Ruby Hospital,0,0,Maharashtra,Mumbai,0,,
Dr.Bothras Hospital,0,0,Maharashtra,Mumbai,0,19.1509879,72.9315251
Eye and I Dr.Kolhe's Eye Clinic,0,0,Maharashtra,Mumbai,0,19.1462749,72.9353872
Gaurav Maternity and Surgical Hospital,0,0,Maharashtra,Mumbai,0,19.1509879,72.9315251
I and Eye Dr Kolhes Eye Clinic,0,0,Maharashtra,Mumbai,0,19.1462749,72.9353872
J. K. Child Health Care and Nicu,0,0,Maharashtra,Mumbai,0,19.144698,72.9368292
Krishna Nursing Home,0,0,Maharashtra,Mumbai,0,19.1507653,72.9372688
Lotus Multispeciality Hospital,0,0,Maharashtra,Mumbai,0,19.1531246,72.9411365
M.S.Maternity and General Hospital,0,0,Maharashtra,Mumbai,0,19.1474511,72.9299079
Maauli Hospital,0,0,Maharashtra,Mumbai,0,19.1509879,72.9315251
Madhu Polyclinic and Nursing Home,0,0,Maharashtra,Mumbai,0,19.1509879,72.9315251
Mahek Nursing Home,0,0,Maharashtra,Mumbai,0,19.1493933,72.9326121
Nadkarni Eye Care Centres,0,0,Maharashtra,Mumbai,0,19.1505614,72.936863
Netramani Chikitsalay,0,0,Maharashtra,Mumbai,0,19.1509879,72.9315251
Omkar Hospital,0,0,Maharashtra,Mumbai,0,19.1507653,72.9372688
Rathod Nursing Home and Iccu,0,0,Maharashtra,Mumbai,0,19.1509879,72.9315251
Romeen Nursing Home,0,0,Maharashtra,Mumbai,0,,
Saarthi Hospital,0,0,Maharashtra,Mumbai,0,19.1468364,72.9337875
Sai Sparsh Hospital and Iccu,0,0,Maharashtra,Mumbai,0,,
Sanjeevan Nursing Home and Iccu,0,0,Maharashtra,Mumbai,0,19.1509879,72.9315251
Sankeshi Bharat,0,0,Maharashtra,Mumbai,0,19.1509879,72.9315251
Sas Health Care Pvt. Limited,0,0,Maharashtra,Mumbai,0,19.147626,72.9294528
Saubhagya Hospital,0,0,Maharashtra,Mumbai,0,19.1509879,72.9315251
Setty's Endoscopic Surgical Centre,0,0,Maharashtra,Mumbai,0,19.1473592,72.9318038
Shah Children Hospital And Newborn Care Centre,0,0,Maharashtra,Mumbai,0,19.1509879,72.9315251
Shanti Maternity Clinic,0,0,Maharashtra,Mumbai,0,19.1509879,72.9315251
Shri Bal Chikitsalaya,0,0,Maharashtra,Mumbai,0,19.1509879,72.9315251
Srushti Orthotech Hospital,0,0,Maharashtra,Mumbai,0,,
Sulochan Eye,0,0,Maharashtra,Mumbai,0,19.1509879,72.9315251
Samarth Hospital,0,0,Maharashtra,Mumbai,0,19.1067711,72.9225416
Aarogya Health Care,0,0,Maharashtra,Mumbai,0,,
Abhinav Kidney Dialysis And Health Centre - Mulund,0,0,Maharashtra,Mumbai,0,19.1725542,72.942537
Aditi Hospital Accident Fracture and Surgical Clinic,0,0,Maharashtra,Mumbai,0,19.1725542,72.942537
Anjali Maternity And Surgical Hospital - Mulund,0,0,Maharashtra,Mumbai,0,,
Anmmol Orthovision,0,0,Maharashtra,Mumbai,0,19.186169,72.9469977
Aparna Hospital,0,0,Maharashtra,Mumbai,0,19.0959087,72.8553466
Apex Kidney Care (Dialysisnetworks),0,0,Maharashtra,Mumbai,0,19.1725542,72.942537
Arogya Health Care,0,0,Maharashtra,Mumbai,0,19.1791186,72.9498535
Ashirwad Critical Care Unit,0,0,Maharashtra,Mumbai,0,19.1758053,72.9476017
Ashwini Hospital and I. C. C. U.,0,0,Maharashtra,Mumbai,0,19.1725542,72.942537
Cancer Care,0,0,Maharashtra,Mumbai,0,19.1565109,72.9637728
Chetna Critical Care Unit,0,0,Maharashtra,Mumbai,0,19.1745575,72.9526923
Daxini Heart Centre,0,0,Maharashtra,Mumbai,0,19.1761159,72.9517295
Devkunj Charitablr Trust Matushri Mankbai Nagji Sa,0,0,Maharashtra,Mumbai,0,19.1725542,72.942537
Dhanwantary Hospital and Iccu,0,0,Maharashtra,Mumbai,0,,
Dr Shettys E N T Hospital,0,0,Maharashtra,Mumbai,0,19.1725542,72.942537
Dr. Khona E N T Hospital,0,0,Maharashtra,Mumbai,0,19.1725542,72.942537
Dr. Mukhis Raj Hospital,0,0,Maharashtra,Mumbai,0,19.1758053,72.9476017
Dr. R.J. Ganatra's Nursing Home,0,0,Maharashtra,Mumbai,0,19.2375183,72.8548501
Dr. Simandhars Eye Care Centre,0,0,Maharashtra,Mumbai,0,19.1725542,72.942537
Dr.Redkar's Maternity and Nursing Home,0,0,Maharashtra,Mumbai,0,19.1822352,72.9468948
Drishti Eye Care Centre,0,0,Maharashtra,Mumbai,0,19.1734608,72.9535574
Holy Trinity Hospital,0,0,Maharashtra,Mumbai,0,19.1674543,72.9512289
Indira Nursing Home,0,0,Maharashtra,Mumbai,0,19.1725542,72.942537
Jas-Raj Hospital,0,0,Maharashtra,Mumbai,0,19.1753538,72.9528652
Joshi Surgical Hospital,0,0,Maharashtra,Mumbai,0,19.1822352,72.9468948
Lakshmi Nursing Home,0,0,Maharashtra,Mumbai,0,19.1672624,72.9506072
Lav-Kush Nursing Home,0,0,Maharashtra,Mumbai,0,19.1565109,72.9637728
Mahavir Orthopaedic and General Hospital - Mulund (W),0,0,Maharashtra,Mumbai,0,19.1725542,72.942537
Mehera Ambe Nursing Home,0,0,Maharashtra,Mumbai,0,19.1725542,72.942537
Mission Nephro-Uro Pvt Ltd,0,0,Maharashtra,Mumbai,0,19.1753134,72.9532236
Nav Drishti Netralaya,0,0,Maharashtra,Mumbai,0,19.1725542,72.942537
Netra Jyot Eye Care Centre,0,0,Maharashtra,Mumbai,0,19.2040597,72.9691583
Nulife Hospital Pvt. Ltd.,0,0,Maharashtra,Mumbai,0,,
Orthocare and Ria Nursing Home,0,0,Maharashtra,Mumbai,0,19.1793036,72.9563451
Padmashree Nursing Home (Mulund),0,0,Maharashtra,Mumbai,0,19.1747331,72.9419373
Pooja Nursing Home Pvt. Ltd.,0,0,Maharashtra,Mumbai,0,19.1672312,72.9504364
Prasad Surgical and Children Nursing Home,0,0,Maharashtra,Mumbai,0,19.1761159,72.9517295
Prasanna Aarogya Health Care,0,0,Maharashtra,Mumbai,0,19.1725542,72.942537
Raj Hospital Mumbai,0,0,Maharashtra,Mumbai,0,19.1725542,72.942537
Rpm Aarogya Hospital Private Limited (Chetna Critical Care Unit and Spt Hosp),0,0,Maharashtra,Mumbai,0,19.1734608,72.9535574
Saarthi Health Care,0,0,Maharashtra,Mumbai,0,19.1725542,72.942537
Samarth Maternity And Nursing Home,0,0,Maharashtra,Mumbai,0,,
Sanjay Eye Clinic,0,0,Maharashtra,Mumbai,0,19.1725542,72.942537
Sarthi Health Care,0,0,Maharashtra,Mumbai,0,19.1725542,72.942537
Shettys Endoscopic Surgical Center,0,0,Maharashtra,Mumbai,0,19.1721433,72.9504824
Shivaani Mother and Child Care Hospital,0,0,Maharashtra,Mumbai,0,19.0759837,72.8776559
Shraddha Polyclinic and Nursing Home-Mulund-Mumbai,0,0,Maharashtra,Mumbai,0,19.1725542,72.942537
Shree Pragati Foundation's Hira Mongi Navneet Hospital,0,0,Maharashtra,Mumbai,0,,
Shree Ram Eye Care Centre,0,0,Maharashtra,Mumbai,0,19.1557098,72.9524625
Shree Sai Maternity and Surgical Nursing Home,0,0,Maharashtra,Mumbai,0,19.1641019,72.9453184
Surya Eye Institute and Research Centre Pvt Ltd,0,0,Maharashtra,Mumbai,0,19.1725542,72.942537
Suyog Hospital and Iccu,0,0,Maharashtra,Mumbai,0,,
Swastika Nursing Home,0,0,Maharashtra,Mumbai,0,19.0351003,72.8591851
Upasani Maternity and Surgical Nursing Home,0,0,Maharashtra,Mumbai,0,19.1725542,72.942537
Veena Nagar Health Care Center and Hospital,0,0,Maharashtra,Mumbai,0,19.180878,72.944899
Vertex Hospital,0,0,Maharashtra,Mumbai,0,19.1444557,72.9169635
Aaditya Netralaya,0,0,Maharashtra,Mumbai,0,19.1565109,72.9637728
Chandraganga Hospital - Mulund,0,0,Maharashtra,Mumbai,0,19.1565109,72.9637728
Dr. Sabnis Maternity and Nursing Home,0,0,Maharashtra,Mumbai,0,19.171775,72.9622211
Gomathi Eye Centre,0,0,Maharashtra,Mumbai,0,19.1695051,72.9596346
International Institute Of Sleep Sciences,0,0,Maharashtra,Mumbai,0,19.1735888,72.9566508
Mahatme  Eye Hospital,0,0,Maharashtra,Mumbai,0,19.1695809,72.9579077
Maher Maternity and Nursing Home,0,0,Maharashtra,Mumbai,0,19.1702704,72.958854
Maruti Nursing Home,0,0,Maharashtra,Mumbai,0,19.1695809,72.9579077
Mulund Nursing Home,0,0,Maharashtra,Mumbai,0,19.1565109,72.9637728
Omkar Surgical and Maternity Home,0,0,Maharashtra,Mumbai,0,19.1565109,72.9637728
R. G. Stone Urological and Research Institute,0,0,Maharashtra,Mumbai,0,,
Saidhanhospital Iccu and Eye Care,0,0,Maharashtra,Mumbai,0,19.1565109,72.9637728
Shushrusha Hospital and Icu,0,0,Maharashtra,Mumbai,0,19.1714081,72.9578599
Aastha Health Care - Mumbai,0,0,Maharashtra,Mumbai,0,19.1747331,72.9419373
Ashirwad Maternity and Nursing Home,0,0,Maharashtra,Mumbai,0,19.1711783,72.933681
Sai Siddhi Hospital,0,0,Maharashtra,Mumbai,0,19.1725542,72.942537
Atul - Lok Hospital,0,0,Maharashtra,Mumbai,0,19.1176258,72.9327686
Godrej Memorial Hospital,0,0,Maharashtra,Mumbai,0,19.0966611,72.9239095
Jan-Seva Charitable Trust`S Sai-Krupa General Hospital,0,0,Maharashtra,Mumbai,0,19.1167435,72.937045
Laxmi Health Care Center and Iccu,0,0,Maharashtra,Mumbai,0,19.091182,72.9208636
Modi General Hospital And Iccu,0,0,Maharashtra,Mumbai,0,19.0759837,72.8776559
Ruby Medical Centre,0,0,Maharashtra,Mumbai,0,19.091182,72.9208636
Shakuntala Nursing Home,0,0,Maharashtra,Mumbai,0,19.091182,72.9208636
Shrinathji Hospital,0,0,Maharashtra,Mumbai,0,19.1132913,72.9306159
Yashwant Hospital,0,0,Maharashtra,Mumbai,0,19.091182,72.9208636
Abhishek Nursing Home,0,0,Maharashtra,Mumbai,0,19.07907,72.907976
Sagar Nursing Home and Icu,0,0,Maharashtra,Mumbai,0,19.0908063,72.9076669
Vivek Maternity And Nursing Home,0,0,Maharashtra,Mumbai,0,19.0908063,72.9076669
Adarsh General and Maternity Nursing Home- Ghatkopar,0,0,Maharashtra,Mumbai,0,19.0908063,72.9076669
Advanced Ent Center,0,0,Maharashtra,Mumbai,0,19.0908063,72.9076669
Amar Jyot Eye Care Centre,0,0,Maharashtra,Mumbai,0,19.0908063,72.9076669
Dalal Hospital,0,0,Maharashtra,Mumbai,0,19.0898792,72.908696
Divya Rekha Eye Hospital,0,0,Maharashtra,Mumbai,0,19.0908063,72.9076669
Dr Sonagra Medical And Surgical Centre,0,0,Maharashtra,Mumbai,0,19.0908063,72.9076669
Dr Sules Vaibhav Polyclinic and Siddharth Nursing Home,0,0,Maharashtra,Mumbai,0,19.0908063,72.9076669
Dr. Bhanushalis Nursingh Home,0,0,Maharashtra,Mumbai,0,19.0898504,72.9013911
Dr. Savlas Polyclinic And Nursing Home - Mumbai,0,0,Maharashtra,Mumbai,0,19.0908063,72.9076669
Dr. Vinod B Joshi Maternity Nursing Home,0,0,Maharashtra,Mumbai,0,19.0908063,72.9076669
Fracture Care Hospital and Dignostic Center,0,0,Maharashtra,Mumbai,0,19.0908063,72.9076669
Furia's Eye Clinic,0,0,Maharashtra,Mumbai,0,19.0890786,72.9075341
H. J. Doshi Ghatkopar Hindu Sabha Hospital,0,0,Maharashtra,Mumbai,0,19.0294825,72.8560871
Harilal Jechand Doshi Ghotkopar Hindu Sabha Hospit,0,0,Maharashtra,Mumbai,0,19.0860468,72.9080866
Jeevan Jyot Hospital,0,0,Maharashtra,Mumbai,0,19.1445583,72.9373038
Jeevandeep Children Hospital,0,0,Maharashtra,Mumbai,0,19.0908063,72.9076669
Jivdaya Hospital,0,0,Maharashtra,Mumbai,0,19.07907,72.907976
Kedia Nursing Home,0,0,Maharashtra,Mumbai,0,19.0898792,72.908696
Matangi Nursing Home,0,0,Maharashtra,Mumbai,0,19.0886373,72.9080266
Medico Surgical Clinic And Hospital,0,0,Maharashtra,Mumbai,0,19.0879271,72.90482
Navnirman Maternity And Surgical Hospital,0,0,Maharashtra,Mumbai,0,19.0908063,72.9076669
Noble Hospital,0,0,Maharashtra,Mumbai,0,19.0898792,72.908696
Nulife Hospital,0,0,Maharashtra,Mumbai,0,19.0898792,72.908696
Psychiatric Clinic and Rehabiliation Centre,0,0,Maharashtra,Mumbai,0,19.0898792,72.908696
Pushpak Maternity and Nursing Home,0,0,Maharashtra,Mumbai,0,19.1029426,72.9117206
Sanghavi Eye Clinic,0,0,Maharashtra,Mumbai,0,19.0864675,72.9041042
Sanjeevani Nursing Home,0,0,Maharashtra,Mumbai,0,19.0868475,72.9079402
Sapna Health Care Centre Pvt Ltd,0,0,Maharashtra,Mumbai,0,19.0898792,72.908696
Sarita Eye Clinic,0,0,Maharashtra,Mumbai,0,19.0879271,72.90482
Shakunntala Maternity and Surgical Home,0,0,Maharashtra,Mumbai,0,19.0898792,72.908696
Shankutala Maternity and Surgical Home,0,0,Maharashtra,Mumbai,0,19.0898792,72.908696
Shanti Nursing Home,0,0,Maharashtra,Mumbai,0,19.0908063,72.9076669
Shradha Heart Hospital,0,0,Maharashtra,Mumbai,0,19.0932331,72.9136926
Shree Nagher Samaj Sanchalit Hospital,0,0,Maharashtra,Mumbai,0,19.0908063,72.9076669
Shree Sukh Shanti Hospital,0,0,Maharashtra,Mumbai,0,,
Suyog Urology Centre,0,0,Maharashtra,Mumbai,0,19.0908063,72.9076669
Thakur Eye Clinic - Ghatkopar,0,0,Maharashtra,Mumbai,0,19.0898792,72.908696
Vaibhav Polyclinic and Siddharth Nursing Home,0,0,Maharashtra,Mumbai,0,19.0880594,72.905286
Vatsalya Maternity and Surgical Nursing Home,0,0,Maharashtra,Mumbai,0,19.010738,72.832083
Zynova Heartcare Pvt. Ltd. / The Metropolitan Heart Institute And Research Centre,0,0,Maharashtra,Mumbai,0,19.0908063,72.9076669
Kallash Jeevan Hospital,0,0,Maharashtra,Mumbai,0,19.0516874,72.9194798
Nova Medical Centres Private Limited,0,0,Maharashtra,Mumbai,0,19.0327996,72.8963568
Platinum Hospital,0,0,Maharashtra,Mumbai,0,,
Shraddha Hospital,0,0,Maharashtra,Mumbai,0,19.2539332,72.8672448
The Bhatti Eye Clinic,0,0,Maharashtra,Mumbai,0,,
Disha Psychiatric Clinic,0,0,Maharashtra,Mumbai,0,19.0327996,72.8963568
Dr Chauhans Sanjeevani Hospital,0,0,Maharashtra,Mumbai,0,,
Dr Indumati Gopinathan Computerised Laboratory,0,0,Maharashtra,Mumbai,0,19.0327996,72.8963568
Kapoor Eye Center,0,0,Maharashtra,Mumbai,0,19.0759837,72.8776559
Priya Maternity Home,0,0,Maharashtra,Mumbai,0,19.1108713,72.9324731
Rane Hospital,0,0,Maharashtra,Mumbai,0,19.0327996,72.8963568
Rushi Nursing Home,0,0,Maharashtra,Mumbai,0,19.0327996,72.8963568
Shramik Nursing Home,0,0,Maharashtra,Mumbai,0,19.0609237,72.9053059
Bhargav Medical Centre,0,0,Maharashtra,Mumbai,0,19.2268919,72.8444188
Dr. Abhijit Mahadeo Valanju,0,0,Maharashtra,Mumbai,0,19.2486286,72.8500441
Gourai Maternity and Nursing Home,0,0,Maharashtra,Mumbai,0,,
Mangal Murti Hospital and Polyclinic - Mumbai,0,0,Maharashtra,Mumbai,0,,
Rajendra Maternity and Surgical Nursing Home,0,0,Maharashtra,Mumbai,0,19.2380341,72.8452546
Sailee Hospital and Diagnostic Center,0,0,Maharashtra,Mumbai,0,,
Aastha Eye Clinic,0,0,Maharashtra,Mumbai,0,19.231169,72.8387275
Ameya Maternity And Surgical Nursing Home - Borivali,0,0,Maharashtra,Mumbai,0,,
Anand Medical Centre,0,0,Maharashtra,Mumbai,0,19.222312,72.8534365
Apex Hospital,0,0,Maharashtra,Mumbai,0,,
Arihant Eye Care Centre,0,0,Maharashtra,Mumbai,0,,
Ashirwad Orthopaedic and Surgical Nursing Home,0,0,Maharashtra,Mumbai,0,,
Ashish Nursing Home..,0,0,Maharashtra,Mumbai,0,,
Bala Hanuman Hospital,0,0,Maharashtra,Mumbai,0,,
Bathia Hospital And Eye Clinic,0,0,Maharashtra,Mumbai,0,,
Belle-Vue General Nursing Home,0,0,Maharashtra,Mumbai,0,19.1314413,72.8342384
Bhagat Nursing Home,0,0,Maharashtra,Mumbai,0,19.235267,72.8607045
Bhatia Hospital and Eye Clinic,0,0,Maharashtra,Mumbai,0,,
Borivli Orthopaedic Clinic - Borivli (W),0,0,Maharashtra,Mumbai,0,,
Dhanashri Nursing Home and Iccu,0,0,Maharashtra,Mumbai,0,19.0759837,72.8776559
Divyadrashti Eye Care Centre,0,0,Maharashtra,Mumbai,0,,
Dr. Alok Shahs Iccu and Nursing Home,0,0,Maharashtra,Mumbai,0,19.2375183,72.8548501
Dr. Khatavs Mother and Child Hospital - Borivali (Mumbai),0,0,Maharashtra,Mumbai,0,,
Eye Care Center,0,0,Maharashtra,Mumbai,0,,
Fracture Care Hospital And Diagnostic Centre,0,0,Maharashtra,Mumbai,0,,
Gandhi Nursing Home-Borivali-Mumbai,0,0,Maharashtra,Mumbai,0,,
"Kaustubh Icu, Maternity Nursing Home",0,0,Maharashtra,Mumbai,0,19.2505412,72.8506775
L H Fortis,0,0,Maharashtra,Mumbai,0,19.0759837,72.8776559
Lancelot Dialysis Unit,0,0,Maharashtra,Mumbai,0,19.2187105,72.8522215
Mandapeshwar Hospital and Clinics,0,0,Maharashtra,Mumbai,0,,
Nanda Nursing Home-Borivli,0,0,Maharashtra,Mumbai,0,19.2375183,72.8548501
Neoplus Criticare Private Ltd.,0,0,Maharashtra,Mumbai,0,19.0759837,72.8776559
Netrajyoti Eye Care Centre,0,0,Maharashtra,Mumbai,0,,
Niramay Mother-Care Centre (Maternity and Surgical),0,0,Maharashtra,Mumbai,0,19.2213018,72.8399394
Om Sai Super Speciality Hospital Pvt Ltd,0,0,Maharashtra,Mumbai,0,,
Palkar Polyclinic and Hospital,0,0,Maharashtra,Mumbai,0,,
Pandya Surgical and Maternity Hospital,0,0,Maharashtra,Mumbai,0,19.0759837,72.8776559
Patel Nursing Home,0,0,Maharashtra,Mumbai,0,19.226821,72.8549865
Purohit Hospital - Borivali,0,0,Maharashtra,Mumbai,0,,
Raj Jyoti Hospital,0,0,Maharashtra,Mumbai,0,19.2301995,72.8404511
Ranes Anand Medical Centre,0,0,Maharashtra,Mumbai,0,,
Renuka Children Clinic and Medicare Centre,0,0,Maharashtra,Mumbai,0,19.2449206,72.8478044
Rhushabh Nursing Home,0,0,Maharashtra,Mumbai,0,19.0759837,72.8776559
Rose Petal Nursing Home,0,0,Maharashtra,Mumbai,0,19.2290453,72.8514375
Sai Krupa E.N.T. Nursing Home,0,0,Maharashtra,Mumbai,0,,
Sai Sparsh Maternity And Nursing Home,0,0,Maharashtra,Mumbai,0,,
Sanghvi Maternity and Surgical Hospital,0,0,Maharashtra,Mumbai,0,19.2172084,72.848035
Seth Ent and Eye Clinic,0,0,Maharashtra,Mumbai,0,19.2465825,72.8502157
Shah Surgical And Maternity Nursing Home,0,0,Maharashtra,Mumbai,0,19.219868,72.8524778
Shivani Medical Centre,0,0,Maharashtra,Mumbai,0,19.223019,72.844611
Shree Borivli Gujarati Seva Mandal,0,0,Maharashtra,Mumbai,0,19.2262703,72.8519442
Shreeji Kripa Surgical Center Icu and Nursing Home,0,0,Maharashtra,Mumbai,0,,
Shri Bala Hanuman Maternity And Surgical Hospital,0,0,Maharashtra,Mumbai,0,,
Snehal E N T Clinic,0,0,Maharashtra,Mumbai,0,,
Sumati Maternity Home and Chhaya Surgical Home - Borivali,0,0,Maharashtra,Mumbai,0,,
Vaibhav Eye Clinic and Contact Lens Centre-Borivli,0,0,Maharashtra,Mumbai,0,19.0759837,72.8776559
Varsha Nursing Home(Netra Mandir),0,0,Maharashtra,Mumbai,0,,
Vasudhan Cosmetic Plastic Surgery Centre,0,0,Maharashtra,Mumbai,0,19.2187105,72.8522215
Vibha Care Home,0,0,Maharashtra,Mumbai,0,,
Vinit Eye Clinic Retina And Laser Centre,0,0,Maharashtra,Mumbai,0,19.2287365,72.8475542
Aditya Nursing Home,0,0,Maharashtra,Mumbai,0,19.1542933,72.8381842
Dr Phadkes Maternity and Surgical Hospital,0,0,Maharashtra,Mumbai,0,,
Dr Rays Clinic,0,0,Maharashtra,Mumbai,0,19.1370311,72.8700524
Dr.Sakhalkars Maternity and Nursing Home - Andheri,0,0,Maharashtra,Mumbai,0,19.1229678,72.8641387
Holy Spirit Hospital - Mumbai,0,0,Maharashtra,Mumbai,0,19.1229678,72.8641387
Indu Maternity and Surgical Nursing Home - Andheri,0,0,Maharashtra,Mumbai,0,19.1278936,72.8623075
Speciality Ranbaxy Ltd,0,0,Maharashtra,Mumbai,0,19.1185922,72.872193
Sunita Hospital,0,0,Maharashtra,Mumbai,0,19.1154908,72.8726952
Uma Maternity Nursing Home,0,0,Maharashtra,Mumbai,0,19.1229678,72.8641387
Dr. Bahls Surgical Maternity and Polyclinic Nursing,0,0,Maharashtra,Mumbai,0,19.1963422,72.8105333
Shree Ramnath Eye Care,0,0,Maharashtra,Mumbai,0,19.109099,72.8557189
Aditi Hospital,0,0,Maharashtra,Mumbai,0,,
Agrawal Clinic,0,0,Maharashtra,Mumbai,0,19.1886713,72.8573826
Anand Childrens Nursing Home,0,0,Maharashtra,Mumbai,0,19.1154908,72.8726952
Anandpara Surgical and General Hospital,0,0,Maharashtra,Mumbai,0,,
Ashoka General Hospital I.C.C.U And Maternity Home,0,0,Maharashtra,Mumbai,0,,
Datar Nursing Home,0,0,Maharashtra,Mumbai,0,,
Devangi Hospital,0,0,Maharashtra,Mumbai,0,19.1808735,72.8574558
Hayat Hospital,0,0,Maharashtra,Mumbai,0,,
Jeevan Maternity And Genral Hospital,0,0,Maharashtra,Mumbai,0,,
Kairav Nursing Home,0,0,Maharashtra,Mumbai,0,,
Krishna Eye Care Centre,0,0,Maharashtra,Mumbai,0,19.1834374,72.8533692
Malad Clinical and Pathological Laboratory,0,0,Maharashtra,Mumbai,0,19.1825133,72.8565805
Megha Surgical Hospital,0,0,Maharashtra,Mumbai,0,,
Nari Nursing Home,0,0,Maharashtra,Mumbai,0,,
Sai Krupa Hospital,0,0,Maharashtra,Mumbai,0,,
Sai Swayam MatandNur Home,0,0,Maharashtra,Mumbai,0,25.1240603,85.4594749
Sanjeevani Surgical and General Hospital,0,0,Maharashtra,Mumbai,0,19.1825133,72.8565805
Shah Eye Clinic and Microsurgery Centre,0,0,Maharashtra,Mumbai,0,,
Shraddha Orthopedic and Surgical Hospital,0,0,Maharashtra,Mumbai,0,19.1903411,72.855971
Shree Guru Maternity And Childrens Nursing Home - Mumbai,0,0,Maharashtra,Mumbai,0,,
Suchak Hospital,0,0,Maharashtra,Mumbai,0,19.1889023,72.8500318
Suresh Eye Clinic,0,0,Maharashtra,Mumbai,0,,
Suvidha Hospital and Iccu,0,0,Maharashtra,Mumbai,0,,
Clinic (Dr.Vaishnavi Patil),0,0,Maharashtra,Mumbai,0,19.0620527,72.8834355
Durga Maternity and Surgical Nursing Home,0,0,Maharashtra,Mumbai,0,,
Niron Hospital and Research Center,0,0,Maharashtra,Mumbai,0,,
Prashanti Medical Centre,0,0,Maharashtra,Mumbai,0,,
Sbf Health,0,0,Maharashtra,Mumbai,0,19.1154908,72.8726952
Sushrut Nursing Home and Polyclinic,0,0,Maharashtra,Mumbai,0,19.113645,72.8697339
V-Care Hospital.,0,0,Maharashtra,Mumbai,0,19.1154908,72.8726952
Veena Clinic,0,0,Maharashtra,Mumbai,0,19.1097712,72.8582672
Aditi Hospital Poliyclinic,0,0,Maharashtra,Mumbai,0,,
Arihant Heart Clinic,0,0,Maharashtra,Mumbai,0,,
Dhiraj Hospital,0,0,Maharashtra,Mumbai,0,,
Dna Multispeciality Hospital - Mumbai,0,0,Maharashtra,Mumbai,0,,
Dr. Masurkar Hospital,0,0,Maharashtra,Mumbai,0,,
Gulmohar Eye Clinic,0,0,Maharashtra,Mumbai,0,,
Kedar Nursing Home,0,0,Maharashtra,Mumbai,0,,
Laxmi Clinic - Kandivli - (Mumbai),0,0,Maharashtra,Mumbai,0,19.2018029,72.859212
Medha Maternity and Nursing Home - Kandivali (E) Mumbai,0,0,Maharashtra,Mumbai,0,19.1956904,72.8754354
New Life Nursing Home,0,0,Maharashtra,Mumbai,0,19.2064722,72.8648413
Noble Hospital,0,0,Maharashtra,Mumbai,0,,
Nupur Nursing Home - Kandivli,0,0,Maharashtra,Mumbai,0,19.2594417,72.8635548
"Omm Sai Nursing Home - Kandivali, Mumbai",0,0,Maharashtra,Mumbai,0,19.2114533,72.8737217
Ortho Plus Hospital,0,0,Maharashtra,Mumbai,0,,
Paramount Ganpati Health Care - Kandivali,0,0,Maharashtra,Mumbai,0,19.2114533,72.8737217
Saibaba Maternity and Nursing Home,0,0,Maharashtra,Mumbai,0,19.2017881,72.856749
Sanchaiti Hospital,0,0,Maharashtra,Mumbai,0,19.2014495,72.8590491
Shree Sai Hospital,0,0,Maharashtra,Mumbai,0,,
Shreeji Hospital (Kandivli),0,0,Maharashtra,Mumbai,0,19.2009337,72.8692653
Speciality Ent Hospital,0,0,Maharashtra,Mumbai,0,,
Surbhi Life Care Hospital,0,0,Maharashtra,Mumbai,0,40.0271947,-81.5539412
Vikas Diagnostic Centre,0,0,Maharashtra,Mumbai,0,19.2139911,72.8655789
Crystal Eye Center,0,0,Maharashtra,Mumbai,0,,
Dr Shah Piles Clinic,0,0,Maharashtra,Mumbai,0,19.0759837,72.8776559
Dr Shahs Hospital,0,0,Maharashtra,Mumbai,0,,
Linkway Nursing Home and Polyclinic,0,0,Maharashtra,Mumbai,0,19.1405116,72.8421555
Mallika Hospital and Envision Eye Centre,0,0,Maharashtra,Mumbai,0,,
Mother Care Maternity And Surgical Nursing Home - Mumbai,0,0,Maharashtra,Mumbai,0,19.1405116,72.8421555
Orbit Eye Clinic,0,0,Maharashtra,Mumbai,0,19.8231811,75.2099821
Pooja Nursing Home,0,0,Maharashtra,Mumbai,0,19.1405116,72.8421555
Pratima Maternity and Surgical Nursing Home,0,0,Maharashtra,Mumbai,0,19.1332655,72.84371
Shivam Netram Eye Hospital,0,0,Maharashtra,Mumbai,0,19.1439388,72.8430671
Ameya Orthopaedic Centre,0,0,Maharashtra,Mumbai,0,19.2375183,72.8548501
Kini Nursing Home,0,0,Maharashtra,Mumbai,0,,
Netra Mandir,0,0,Maharashtra,Mumbai,0,,
Sohum Eyecare and Oculoplasty Centre,0,0,Maharashtra,Mumbai,0,19.2461644,72.8509056
Dr. Bamis Fracture and Hand Clinic - Goregaon,0,0,Maharashtra,Mumbai,0,19.1629338,72.839241
Pooja Hospital,0,0,Maharashtra,Mumbai,0,19.1629338,72.839241
"Breach Candy Hospital, Mumbai",Private,Hospital,Maharashtra,Mumbai,0,18.972711,72.804394
Cumbala Hill Hospital and Heart Institute,Private,Hospital,Maharashtra,Mumbai,0,18.9624555,72.8098026
Asian Heart Institute And Research Center,Private,Hospital,Maharashtra,Mumbai,0,19.06413,72.861656
Lilavati Hospital and Research Center,Private,Hospital,Maharashtra,Mumbai,0,19.0515721,72.8346314
Tata Memorial Hospital,Private,Hospital,Maharashtra,Mumbai,0,19.0041141,72.8426707
Bhatia General Hospital,Private,Hospital,Maharashtra,Mumbai,0,18.9664679,72.8152953
Seven Hills Hospital,Private,Hospital,Maharashtra,Mumbai,0,19.1154908,72.8726952
Bombay Hospital And Medical Research Center,Private,Hospital,Maharashtra,Mumbai,0,18.941002,72.827324
P.D.Hinduja National Hospital and Research center,Private,Hospital,Maharashtra,Mumbai,0,19.0374901,72.8390644
Saifee Hospital,Private,Hospital,Maharashtra,Mumbai,0,18.952508,72.818199
"Fortis Hospitals, Mulund",Private,Hospital,Maharashtra,Mumbai,0,19.1918191,72.8348753
Jaslok Hospital And Medical Research Institute,Private,Hospital,Maharashtra,Mumbai,0,18.9755757,72.8097374
Guru Nanak Hospital,Private,Hospital,Maharashtra,Mumbai,0,,
Criticare Multispeciality Hospital and Research Centre,Private,Hospital,Maharashtra,Mumbai,0,19.1145832,72.8358707
Surana Sethia Hospital and Research Centre,Private,Hospital,Maharashtra,Mumbai,0,19.0536352,72.8851743
Balaji Hospital,Private,Hospital,Maharashtra,Mumbai,0,18.9767706,72.8350652
Kokilaben Dhirubhai Ambani Hospital and Medical Research Institute,Private,Hospital,Maharashtra,Mumbai,0,19.1363246,72.82766
Aditya Jyot Eye Hospital,Private,Hospital,Maharashtra,Mumbai,0,19.0164103,72.855261
Shree Bidada Sarvodaya Trust Hospital,Private,Hospital,Maharashtra,Mumbai,0,19.0021567,72.8415793
Bombay City Eye Institute and Research Centre,Private,Hospital,Maharashtra,Mumbai,0,18.9629992,72.8175748
The B.D.Petit Parsee General Hospital,Private,Hospital,Maharashtra,Mumbai,0,18.9668749,72.805182
"Centre For Sight, Juhu",Private,Hospital,Maharashtra,Mumbai,0,19.1102949,72.8409693
Asian Heart Institute,Private,Hospital,Maharashtra,Mumbai,0,19.0562207,72.8537634
"CGHS Dispensary No.1, C.G.O.",Public/ Government,Dispensary,Maharashtra,Mumbai,0,34.7414415,135.4058809
"CGHS Dispensary No.2, Pedder Road,",Public/ Government,Dispensary,Maharashtra,Mumbai,0,,
"CGHS Dispensary No.3, Worli",Public/ Government,Dispensary,Maharashtra,Mumbai,0,,
"CGHS Dispensary No.4, Mahim Building",Public/ Government,Dispensary,Maharashtra,Mumbai,0,,
"CGHS Dispensary No.5, Santacruz",Public/ Government,Dispensary,Maharashtra,Mumbai,0,19.1034191,72.854365
"CGHS Dispensary No.6, Ghatkopar",Public/ Government,Dispensary,Maharashtra,Mumbai,0,19.1403981,72.9379362
"CGHS Dispensary No.7, Wadala",Public/ Government,Dispensary,Maharashtra,Mumbai,0,,
"CGHS Dispensary No.8, Koliwada",Public/ Government,Dispensary,Maharashtra,Mumbai,0,19.030998,72.862675
CGHS Dispensary No.9,Public/ Government,Dispensary,Maharashtra,Mumbai,0,,
"CGHS Dispensary No.10, Bandra",Public/ Government,Dispensary,Maharashtra,Mumbai,0,19.0606917,72.8362497
"CGHS Dispensary No.11, Byculla",Public/ Government,Dispensary,Maharashtra,Mumbai,0,18.9751131,72.8298837
"CGHS Dispensary No.14, Vakola",Public/ Government,Dispensary,Maharashtra,Mumbai,0,19.0788783,72.8500307
"CGHS Dispensary No.15, Deonar",Public/ Government,Dispensary,Maharashtra,Mumbai,0,,
"CGHS Dispensary No.16, Matunga",Public/ Government,Dispensary,Maharashtra,Mumbai,0,,
"CGHS Dispensary No.17, Bhandup",Public/ Government,Dispensary,Maharashtra,Mumbai,0,19.149901,72.931134
"CGHS Dispensary No., Vikhroli",Public/ Government,Dispensary,Maharashtra,Mumbai,0,,
"CGHS Dispensary No.19, Mulund",Public/ Government,Dispensary,Maharashtra,Mumbai,0,19.1725542,72.942537
"CGHS Dispensary No.20, Goregaon",Public/ Government,Dispensary,Maharashtra,Mumbai,0,,
"CGHS Dispensary No.21, Sahar",Public/ Government,Dispensary,Maharashtra,Mumbai,0,19.1015512,72.8631724
CGHS Dispensary No.22,Public/ Government,Dispensary,Maharashtra,Mumbai,0,,
CGHS Dispensary No.23,Public/ Government,Dispensary,Maharashtra,Mumbai,0,,
"CGHS Dispensary No.24, Kanjurmarg",Public/ Government,Dispensary,Maharashtra,Mumbai,0,,
"CGHS Dispensary No.25, Jogeshwari",Public/ Government,Dispensary,Maharashtra,Mumbai,0,19.1319685,72.8607789
"CGHS Dispensary No.26, Seepz",Public/ Government,Dispensary,Maharashtra,Mumbai,0,19.1154908,72.8726952
"CGHS Sub-Dispensary, Juhu",Public/ Government,Dispensary,Maharashtra,Mumbai,0,,
CGHS Sub-Dispensary Nepean Sea Road,Public/ Government,Dispensary,Maharashtra,Mumbai,0,18.9593271,72.8012627
"CGHS Polyclinic, Ballard Estate",Public/ Government,Dispensary,Maharashtra,Mumbai,0,,
CGHS Polyclinic Koliwada,Public/ Government,Poly Clinic,Maharashtra,Mumbai,0,19.0327797,72.864102
Aayush Eye Clinic Microsurgery and Laser Centre,Private,Hospital,Maharashtra,Mumbai,0,19.0597308,72.8989478
Abhishek Nursing Home,Private,Nursing Home,Maharashtra,Mumbai,0,19.096654,72.9026801
Aditi Hospital,Private,Hospital,Maharashtra,Mumbai,0,19.2132136,72.8637163
Dr.Shyam Agrawal,Private,Clinic,Maharashtra,Mumbai,0,,
Amruta Surgical And Maternity Home,Private,Hospital,Maharashtra,Mumbai,0,19.0898792,72.908696
Apex Hospital,Private,Hospital,Maharashtra,Mumbai,51,,
Dr. L H Hiranandani Hospital,Public/ Government,Hospital,Maharashtra,Mumbai,0,19.1374852,72.917394
P D Hinduja National Hospital and Research Centre,Public/ Government,Hospital,Maharashtra,Mumbai,0,19.0374901,72.8390644
Godrej Memorial Hospital,Public/ Government,Hospital,Maharashtra,Mumbai,0,19.0966611,72.9239095
Holy Spirit Hospital,Public/ Government,Hospital,Maharashtra,Mumbai,350,19.1229678,72.8641387
Holy Family Hospital,Public/ Government,Hospital,Maharashtra,Mumbai,232,,
Lilavati Hospital and Research Centre,Private,Hospital,Maharashtra,Mumbai,314,19.0515721,72.8346314
Fortis Hiranandani Hospital,Private,Hospital,Maharashtra,Mumbai,149,18.7501386,73.0420662
Jaslok Hospital,Private,Hospital,Maharashtra,Mumbai,364,18.9681978,72.8072647
Kohinoor Hospital,Private,Hospital,Maharashtra,Mumbai,0,,
Fortis Hospital Mulund,Private,Hospital,Maharashtra,Mumbai,300,19.1918191,72.8348753
Seven Hills Hospital,Private,Hospital,Maharashtra,Mumbai,0,19.1188585,72.8802146
Zynova Heart Hospital,Private,Hospital,Maharashtra,Mumbai,5,19.0889039,72.907247
Zenith Hospital,Private,Hospital,Maharashtra,Mumbai,100,,
The Eye Super Specialities,Private,Hospital,Maharashtra,Mumbai,0,19.0796375,72.9070116
Swastik Hospital and Research Centre,Private,Hospital,Maharashtra,Mumbai,0,19.0552812,72.8892082
Sushrut Hospital and Research Centre,Private,Hospital,Maharashtra,Mumbai,0,19.0552812,72.8892082
Surya Eye Institute and Research Centre Pvt Ltd,Private,Hospital,Maharashtra,Mumbai,0,19.1725542,72.942537
Suruchi Eye Centre,Private,Hospital,Maharashtra,Mumbai,0,19.1512887,72.9985574
Surana Hospital and Research Centre,Private,Hospital,Maharashtra,Mumbai,0,,
Suprabha Surgicare,Private,Hospital,Maharashtra,Mumbai,0,19.0237817,72.8502094
Sujay Hospital,Private,Hospital,Maharashtra,Mumbai,0,19.1160222,72.8313139
Smt.S.R.Mehta and Sir K.P.Cardiac Institute,Private,Hospital,Maharashtra,Mumbai,0,,
Global Hospital Super Speciality and Transplant Center,Private,Hospital,Maharashtra,Mumbai,0,,
Gokul Hospital,Private,Hospital,Maharashtra,Mumbai,0,19.206396,72.8656109
Gomathi Eye Centre,Private,Hospital,Maharashtra,Mumbai,0,,
Hinduja Healthcare Surgical,Private,Hospital,Maharashtra,Mumbai,0,19.0685232,72.8352484
Hira Mongi Navneet Hospital,Private,Hospital,Maharashtra,Mumbai,120,19.1709732,72.9505973
Inlaks General Hospital,Private,Hospital,Maharashtra,Mumbai,100,19.0327996,72.8963568
Jaslok Hospital And Research Centre,Private,Hospital,Maharashtra,Mumbai,0,18.9681978,72.8072647
Joy Hospital Pvt Ltd,Private,Hospital,Maharashtra,Mumbai,0,19.1095683,72.825288
Jupiter Hospital,Private,Hospital,Maharashtra,Mumbai,325,,
Kapadia Multispeciality Hospital,Private,Hospital,Maharashtra,Mumbai,30,32.2396325,77.1887145
Kaushalya Medical Foundation Trust Hospital,Private,Hospital,Maharashtra,Mumbai,100,,
Kkasturi Medicare Pvt Ltd,Private,Hospital,Maharashtra,Mumbai,50,,
Kohinoor Hospitals Pvt Ltd,Private,Hospital,Maharashtra,Mumbai,500,,
Kokilaben Dhirubhai Ambani Hospital,Private,Hospital,Maharashtra,Mumbai,750,19.1363246,72.82766
Krishna Cardiac Care Centre,Private,Hospital,Maharashtra,Mumbai,0,,
Aditya Jyot Eye Hospital,Private,Hospital,Maharashtra,Mumbai,0,,
Life Care Hospital,Private,Hospital,Maharashtra,Mumbai,0,19.2961387,72.862607
Lifeline Hospital,Private,Hospital,Maharashtra,Mumbai,0,19.1938477,72.8465927
Lotus Ent Hospital,Private,Hospital,Maharashtra,Mumbai,0,,
Maa Nursing Home And Netra Jyoti Eye Care Center,Private,Nursing Home,Maharashtra,Mumbai,0,,
Madhu Polyclinic and Nursing Home,Private,Nursing Home,Maharashtra,Mumbai,46,19.200861,72.9643615
Mahavir Medical Research Centre,Private,Hospital,Maharashtra,Mumbai,52,,
Nanavati Hospital,Public/ Government,Hospital,Maharashtra,Mumbai,352,19.094854,72.839654
Niramaya Holistic Health Services Pvt Ltd,Private,Hospital,Maharashtra,Mumbai,0,19.0712143,73.0799855
Nulife Hospital,Private,Hospital,Maharashtra,Mumbai,0,19.0898792,72.908696
Om Navjeevan Hospital,Private,Hospital,Maharashtra,Mumbai,0,,
Orbit Eye Hospital,Private,Hospital,Maharashtra,Mumbai,0,19.1405116,72.8421555
Parakh Hospital,Private,Hospital,Maharashtra,Mumbai,0,19.0796375,72.9070116
Paramount General Hospital and ICCU,Private,Hospital,Maharashtra,Mumbai,0,19.1198548,72.8464601
Platinum Hospitals,Private,Hospital,Maharashtra,Mumbai,100,19.1565109,72.9637728
Prince Aly Khan Hospital,Private,Hospital,Maharashtra,Mumbai,162,,
Punamiya Hospital,Private,Hospital,Maharashtra,Mumbai,0,19.0235976,72.8378125
\nDr.Mukhi's Raj Hospital,Private,Hospital,Maharashtra,Mumbai,50,19.1725542,72.942537
Rane Heart Hospital,Private,Hospital,Maharashtra,Mumbai,30,19.0691719,72.902584
RG Stone Urology and Laparoscopy Hospital,Private,Hospital,Maharashtra,Mumbai,0,,
Riddhivinayak Critical Care and Cardiac Centre,Private,Hospital,Maharashtra,Mumbai,0,,
Roshni Eye Hospital,Private,Hospital,Maharashtra,Mumbai,0,19.1198548,72.8464601
Rushabh Eye Hospital And Laser Centre,Private,Hospital,Maharashtra,Mumbai,0,19.059862,72.9005605
S.L.Raheja Hospital,Private,Hospital,Maharashtra,Mumbai,140,,
Sai Seva Hospital And Icu,Private,Hospital,Maharashtra,Mumbai,25,19.157935,72.9934762
Saifee Hospital,Private,Hospital,Maharashtra,Mumbai,254,18.952508,72.818199
Sai lee Hospital and Diagnostic Centre,Private,Hospital,Maharashtra,Mumbai,25,,
Sangita Maternity Surgical and Diagnostic Centre,Private,Hospital,Maharashtra,Mumbai,0,19.1171389,72.846563
Sanjeevani Surgical And General Hospital,Private,Hospital,Maharashtra,Mumbai,120,,
Smt S.R.Mehta and Sir K.P.Cardiac Institute,Private,Hospital,Maharashtra,Mumbai,0,,
Speciality Ear Nose Throat Hospital,Private,Hospital,Maharashtra,Mumbai,0,,
Sujay Hospital,Private,Hospital,Maharashtra,Mumbai,40,19.1160222,72.8313139
Suman Eye Clinic and Surgery Centre,Private,Hospital,Maharashtra,Mumbai,0,19.1441579,72.8238595
Surana Sethia Hospital and Research Centre,Private,Hospital,Maharashtra,Mumbai,0,19.053083,72.8982503
