State,District,Date,Daily Actual,Daily Normal,Daily Departure Per,Daily Category
MAHARASHTRA,MUMBAI CITY,2026-08-19,6.6,8.4,-21%,D
MAHARASHTRA,MUMBAI CITY,2026-08-20,0.0,8.2,-100%,NR
MAHARASHTRA,MUMBAI CITY,2026-08-21,0.2,13.2,-98%,LD
MAHARASHTRA,MUMBAI CITY,2026-08-22,6.5,12.4,-48%,D
MAHARASHTRA,MUMBAI CITY,2026-08-23,0.0,14.4,-100%,NR
MAHARASHTRA,MUMBAI CITY,2026-08-24,5.6,12.0,-53%,D
MAHARASHTRA,MUMBAI CITY,2026-08-25,0.2,13.7,-99%,LD
MAHARASHTRA,MUMBAI CITY,2026-08-26,0.0,13.4,-100%,NR
MAHARASHTRA,MUMBAI CITY,2026-08-27,2.4,12.3,-80%,LD
MAHARASHTRA,MUMBAI CITY,2026-08-28,9.8,13.4,-27%,D
MAHARASHTRA,MUMBAI CITY,2026-08-29,0.2,20.5,-99%,LD
MAHARASHTRA,MUMBAI CITY,2026-08-30,3.0,18.3,-84%,LD
MAHARASHTRA,MUMBAI CITY,2026-08-31,0.0,18.8,-100%,NR
MAHARASHTRA,MUMBAI CITY,2026-09-01,0.0,15.6,-100%,NR
MAHARASHTRA,MUMBAI CITY,2026-09-02,0.3,18.6,-98%,LD
MAHARASHTRA,MUMBAI CITY,2026-09-03,1.7,15.5,-89%,LD
MAHARASHTRA,MUMBAI CITY,2026-09-04,4.2,16.9,-75%,LD
MAHARASHTRA,MUMBAI CITY,2026-09-05,3.4,8.7,-61%,LD
MAHARASHTRA,MUMBAI CITY,2026-09-06,4.7,9.1,-48%,D
MAHARASHTRA,MUMBAI CITY,2026-09-07,12.8,6.2,106%,LE
MAHARASHTRA,MUMBAI CITY,2026-09-08,0.8,7.4,-89%,LD
MAHARASHTRA,MUMBAI CITY,2026-09-09,0.0,11.9,-100%,NR
MAHARASHTRA,MUMBAI CITY,2026-09-10,0.0,14.0,-100%,NR
MAHARASHTRA,MUMBAI CITY,2026-09-11,0.0,9.5,-100%,NR
MAHARASHTRA,MUMBAI CITY,2026-09-12,1.2,10.0,-88%,LD
MAHARASHTRA,MUMBAI CITY,2026-09-13,40.8,10.8,278%,LE
MAHARASHTRA,MUMBAI CITY,2026-09-14,32.0,11.6,176%,LE
MAHARASHTRA,MUMBAI CITY,2026-09-15,13.0,11.0,18%,N
MAHARASHTRA,MUMBAI CITY,2026-09-16,18.4,7.6,142%,LE
MAHARASHTRA,MUMBAI CITY,2026-09-17,0.0,10.7,-100%,NR
MAHARASHTRA,MUMBAI CITY,2026-09-18,0.0,7.2,-100%,NR
MAHARASHTRA,MUMBAI CITY,2026-09-19,11.6,7.3,59%,E
MAHARASHTRA,MUMBAI CITY,2026-09-20,0.0,14.5,-100%,NR
MAHARASHTRA,MUMBAI CITY,2026-09-21,0.0,8.9,-100%,NR
MAHARASHTRA,MUMBAI CITY,2026-09-22,0.6,10.4,-94%,LD
MAHARASHTRA,MUMBAI CITY,2026-09-23,1.8,21.3,-92%,LD
MAHARASHTRA,MUMBAI CITY,2026-09-24,0.0,13.0,-100%,NR
MAHARASHTRA,MUMBAI CITY,2026-09-25,0.0,10.3,-100%,NR
MAHARASHTRA,MUMBAI CITY,2026-09-26,0.0,13.8,-100%,NR
MAHARASHTRA,MUMBAI CITY,2026-09-27,0.0,12.1,-100%,NR
MAHARASHTRA,MUMBAI CITY,2026-09-28,0.0,9.0,-100%,NR
MAHARASHTRA,MUMBAI CITY,2026-09-29,0.0,8.8,-100%,NR
MAHARASHTRA,MUMBAI CITY,2026-09-30,0.0,4.3,-100%,NR
MAHARASHTRA,MUMBAI CITY,2026-10-01,0.0,4.6,-100%,NR
MAHARASHTRA,MUMBAI CITY,2026-10-02,0.0,7.4,-100%,NR
MAHARASHTRA,MUMBAI CITY,2026-10-03,0.0,9.0,-100%,NR
MAHARASHTRA,MUMBAI CITY,2026-10-04,0.0,9.1,-100%,NR
MAHARASHTRA,MUMBAI CITY,2026-10-05,0.0,4.7,-100%,NR
MAHARASHTRA,MUMBAI CITY,2026-10-06,0.0,3.1,-100%,NR
MAHARASHTRA,MUMBAI CITY,2026-10-07,0.0,3.0,-100%,NR
