-BEGIN HEADER-,,,,,,,,,,,,,,
NASA/POWER Source Native Resolution Monthly and Annual ,,,,,,,,,,,,,,
Dates (month/day/year): 01/01/2015 through 12/31/2025 in LST,,,,,,,,,,,,,,
Location: Latitude  19.076   Longitude 72.8777 ,,,,,,,,,,,,,,
Elevation from MERRA-2: Average for 0.5 x 0.625 degree lat/lon region = 97.15 meters,,,,,,,,,,,,,,
The value for missing source data that cannot be computed or is outside of the sources availability range: -999 ,,,,,,,,,,,,,,
Parameter(s): ,,,,,,,,,,,,,,
PRECTOTCORR     MERRA-2 Precipitation Corrected (mm/day) ,,,,,,,,,,,,,,
PS              MERRA-2 Surface Pressure (kPa) ,,,,,,,,,,,,,,
RH2M            MERRA-2 Relative Humidity at 2 Meters (%) ,,,,,,,,,,,,,,
T2M             MERRA-2 Temperature at 2 Meters (C) ,,,,,,,,,,,,,,
T2M_MAX         MERRA-2 Temperature at 2 Meters Maximum (C) ,,,,,,,,,,,,,,
WS10M           MERRA-2 Wind Speed at 10 Meters (m/s) ,,,,,,,,,,,,,,
-END HEADER-,,,,,,,,,,,,,,
PARAMETER,YEAR,JAN,FEB,MAR,APR,MAY,JUN,JUL,AUG,SEP,OCT,NOV,DEC,ANN
PRECTOTCORR,2015,0.03,0.06,1.62,0.06,1.09,26.8,9.09,3.96,10.29,2.33,0.98,0,4.68
PRECTOTCORR,2016,0.01,0.68,0.13,0.05,0.3,17.64,32.07,22.76,20.22,3.24,0,0,8.12
PRECTOTCORR,2017,0,0,0.06,0.01,0.43,19.75,32.79,21.57,15.73,4.4,0.03,1.52,8.08
PRECTOTCORR,2018,0.07,0.23,0.05,0.03,0.17,17.96,31.31,13.67,3.32,0.7,0.22,0.01,5.69
PRECTOTCORR,2019,0.01,0.01,0.02,0.12,0.01,14.56,35.39,21.28,31.32,6.22,1.78,0.09,9.28
PRECTOTCORR,2020,0.01,0.01,0.13,0.17,0.24,15.44,25.12,38.82,12.14,5.82,0.02,0.39,8.25
PRECTOTCORR,2021,0.27,0.41,0.07,0.26,10.6,21.88,33.94,12.21,19.06,2.35,1.66,2.28,8.8
PRECTOTCORR,2022,0.07,0.01,0.2,0.13,0.27,11.25,40.4,18.64,17.38,6.08,0.02,0.18,7.96
PRECTOTCORR,2023,0.01,0.01,0.52,0.31,0.37,15.1,45.34,7.26,16.12,0.82,1.02,0.02,7.29
PRECTOTCORR,2024,0.03,0.01,0.07,0.11,1.28,13.82,43.9,20.3,16.02,6.28,0.02,0.16,8.56
PRECTOTCORR,2025,0.04,0.01,0.09,0.2,13.13,20.77,24.21,25.04,20.3,4.69,0.69,0,9.16
PS,2015,100.27,100.14,100.07,99.84,99.66,99.34,99.48,99.64,99.73,99.96,100.03,100.23,99.87
PS,2016,100.27,100.17,100.01,99.78,99.6,99.42,99.39,99.46,99.69,99.88,100.11,100.15,99.83
PS,2017,100.21,100.16,99.91,99.78,99.62,99.36,99.4,99.44,99.63,99.74,100.01,100.16,99.78
PS,2018,100.09,100.1,99.9,99.72,99.56,99.31,99.29,99.49,99.81,99.96,100.1,100.21,99.79
PS,2019,100.31,100.21,100.02,99.77,99.7,99.36,99.32,99.41,99.57,99.87,100.05,100.15,99.81
PS,2020,100.23,100.17,100,99.84,99.6,99.3,99.27,99.28,99.47,99.63,100.11,100.12,99.75
PS,2021,100.03,100.1,99.89,99.8,99.45,99.45,99.3,99.53,99.44,99.77,99.84,100.24,99.73
PS,2022,100.19,100.04,99.8,99.69,99.47,99.37,99.33,99.34,99.58,99.89,100.1,100.06,99.74
PS,2023,100.23,100.14,100.02,99.8,99.77,99.49,99.42,99.7,99.59,100.04,100.09,100.15,99.87
PS,2024,100.23,100.24,100.08,99.71,99.49,99.34,99.18,99.5,99.59,99.8,100.07,100.08,99.77
PS,2025,100.1,100.12,99.91,99.72,99.45,99.31,99.29,99.5,99.63,99.76,100.19,100.2,99.76
RH2M,2015,53.44,43.43,50.36,56.22,61.29,80.54,86.62,87.4,84.46,75.88,69.43,52.73,66.94
RH2M,2016,45.48,50.44,47.83,53.82,61.31,77.23,91.17,90.72,90,78.89,61.15,53.87,66.87
RH2M,2017,48.83,37.84,46.6,53.13,59.1,82.24,89.94,89.93,88.39,77.32,67.16,66.65,67.44
RH2M,2018,54.45,44.69,42.51,51.32,59.21,81.75,91,89.94,85.51,69.41,58.87,46.4,64.7
RH2M,2019,34.59,40.49,43.84,52.8,58.28,73.44,90.82,90.75,91.42,84.44,78.56,76.75,68.18
RH2M,2020,67.73,49.88,49.34,51.15,57.28,82.85,90.18,92.3,90.18,82.78,75.99,69.43,71.67
RH2M,2021,61.76,48.28,37.32,51.04,65.07,86.38,89.71,88.87,91.12,81.4,78.9,75.31,71.39
RH2M,2022,67.96,56.72,41.7,50.69,61.81,76.63,90.49,90.16,90.01,82.64,72.32,68.69,70.92
RH2M,2023,58.51,32.89,44.47,47.4,58.09,73.54,91.28,88.92,89.95,77.09,73.49,64.6,66.92
RH2M,2024,52.87,43.2,45.03,48.16,59.86,79.59,91.34,90.73,89.48,83.52,72.04,71.76,69.07
RH2M,2025,55.65,39.22,38.18,50.25,73.39,86.9,90.45,90.53,90.64,83.42,72.54,62.38,69.65
T2M,2015,22.88,25.97,28.03,30.07,31.4,28.35,26.95,26.53,26.51,27.46,25.39,23.88,26.95
T2M,2016,23.49,25.65,29.19,30.52,31.46,29.21,26.3,25.89,25.62,24.98,23.03,23.35,26.56
T2M,2017,23.34,26.96,28.45,30.36,31.54,28.54,26.63,26.16,26.7,26.64,23.55,22.3,26.76
T2M,2018,23.07,26.01,29.21,30.89,31.38,28.59,26.3,25.74,25.94,26.92,25.81,23.39,26.94
T2M,2019,23.38,25.35,28.04,30.88,31.03,29.84,26.93,26.27,26.32,26.39,25.18,23.91,26.96
T2M,2020,21.67,25.17,27.62,31.56,32.2,28.13,26.93,26.35,26.52,26.94,24.84,23.24,26.76
T2M,2021,24.23,25.35,29.88,31.06,30.72,27.82,26.86,26.2,26.22,26.27,25.42,22.42,26.88
T2M,2022,21.28,23.56,29.83,31.74,31.18,28.89,26.35,26.09,26.2,25.41,23.23,23.79,26.47
T2M,2023,22.2,26.46,28.35,30.76,31.29,29.7,26.7,26.27,26.6,26.52,25.16,24.12,27
T2M,2024,23.76,26.45,28.51,32.14,32.16,29.39,27.01,26.79,26.4,27.24,23.72,22.92,27.2
T2M,2025,23.9,27.1,30.05,31.59,29.5,27.81,26.58,26.06,25.8,26.17,23.02,21.84,26.61
T2M_MAX,2015,35.25,39.02,43.45,42.22,40.4,37.65,30.85,31.14,34.21,35.3,33.4,35.64,43.45
T2M_MAX,2016,37.5,38.77,42.68,41.66,40.37,39.19,29.23,29.24,30.28,32.1,33.43,33.86,42.68
T2M_MAX,2017,36.11,40.68,44.11,43.46,41.18,37.52,29.75,29.56,32.88,34.03,31.77,31.22,44.11
T2M_MAX,2018,34.66,39.86,42.99,42.54,41.03,37.78,30.19,28.78,33.85,35.32,34.56,34.25,42.99
T2M_MAX,2019,35.97,39.4,43.26,44.91,41.81,39.27,30.78,29.76,30.43,33.06,31.83,31.44,44.91
T2M_MAX,2020,33.49,37.35,40.44,43.5,41.58,35.47,31.18,29.49,32.59,32.54,32.36,31.57,43.5
T2M_MAX,2021,34.73,38.83,42.96,41.3,40.42,33.6,30.63,29.93,29.77,32.63,32.12,30.16,42.96
T2M_MAX,2022,32.01,36.41,42.16,43.06,40.11,37.18,29.94,30.66,31.49,31.76,31.77,32.59,43.06
T2M_MAX,2023,34.14,39.41,39.57,42.76,41.66,38.96,29.75,30.79,31.26,33.61,33.43,34.44,42.76
T2M_MAX,2024,34.97,40.05,40.74,44.11,40.86,38.26,31.09,31.55,31.21,33.17,32.94,32.93,44.11
T2M_MAX,2025,36.39,39.66,42.15,43.49,41.48,32.56,29.86,29.75,29.63,32.74,32.25,31.36,43.49
WS10M,2015,3.11,3.09,3.05,2.85,3.26,5.24,5.47,3.74,2.88,2.54,3.2,3.22,3.47
WS10M,2016,2.96,2.69,2.83,3.16,3.67,4.61,4.95,5.04,3.53,2.88,3.4,3.29,3.59
WS10M,2017,3.08,3.13,2.88,3.01,3.39,4.51,5.77,4.11,2.72,2.31,3.12,3.32,3.45
WS10M,2018,2.77,2.8,2.8,2.74,3.23,4.57,5.79,5.41,2.87,2.58,2.8,3.35,3.48
WS10M,2019,3.37,3.26,3.08,3.01,3.49,4.3,4.87,4.78,4.03,2.65,2.7,2.89,3.54
WS10M,2020,3.03,3.17,2.99,3.04,3.71,3.47,4.36,5.36,2.66,2.2,2.89,2.86,3.32
WS10M,2021,2.35,2.99,3.02,2.7,3.73,3.99,4.95,3.37,3.92,2.37,2.84,2.81,3.25
WS10M,2022,2.79,2.66,3.13,2.86,4.24,4.32,5.34,5.01,3.19,2.97,3.4,2.95,3.58
WS10M,2023,3.02,3.58,3,3.07,3.31,4.99,5.53,4.45,3.5,2.65,3.07,3.19,3.61
WS10M,2024,3.06,3.01,3.02,3.14,3.24,4.06,6,4.4,3.45,2.41,3.63,3.14,3.55
WS10M,2025,3.26,3.39,3.26,2.99,3.06,5.24,5.51,4.1,3.42,3.31,3.25,3.75,3.71
